"Incident-based crime statistics, by detailed violations, police services in the Atlantic provinces c 1 2 3 4 5",,,,,,,,,,,,,,,,,,,,,,,,,,,,,,,,,,,,,,,,,,,,,,,,,,,,,,,,,,,,,,,,,,,,,,,,,,,,,,,,,,,,,,,,,,,,,,,,,,,,,,,,,,,,,,,,,,,,,,,,,,,,,,,,,,,,,,,,,,,,,,,,,,,,,,,,,,,,,,,,,,,,,,
Frequency: Annual,,,,,,,,,,,,,,,,,,,,,,,,,,,,,,,,,,,,,,,,,,,,,,,,,,,,,,,,,,,,,,,,,,,,,,,,,,,,,,,,,,,,,,,,,,,,,,,,,,,,,,,,,,,,,,,,,,,,,,,,,,,,,,,,,,,,,,,,,,,,,,,,,,,,,,,,,,,,,,,,,,,,,,
Table: 35-10-0178-01 (formerly CANSIM 252-0075),,,,,,,,,,,,,,,,,,,,,,,,,,,,,,,,,,,,,,,,,,,,,,,,,,,,,,,,,,,,,,,,,,,,,,,,,,,,,,,,,,,,,,,,,,,,,,,,,,,,,,,,,,,,,,,,,,,,,,,,,,,,,,,,,,,,,,,,,,,,,,,,,,,,,,,,,,,,,,,,,,,,,,
Release date: 2025-07-22,,,,,,,,,,,,,,,,,,,,,,,,,,,,,,,,,,,,,,,,,,,,,,,,,,,,,,,,,,,,,,,,,,,,,,,,,,,,,,,,,,,,,,,,,,,,,,,,,,,,,,,,,,,,,,,,,,,,,,,,,,,,,,,,,,,,,,,,,,,,,,,,,,,,,,,,,,,,,,,,,,,,,,
"Geography: Province or territory, Policing district/zone",,,,,,,,,,,,,,,,,,,,,,,,,,,,,,,,,,,,,,,,,,,,,,,,,,,,,,,,,,,,,,,,,,,,,,,,,,,,,,,,,,,,,,,,,,,,,,,,,,,,,,,,,,,,,,,,,,,,,,,,,,,,,,,,,,,,,,,,,,,,,,,,,,,,,,,,,,,,,,,,,,,,,,
,,,,,,,,,,,,,,,,,,,,,,,,,,,,,,,,,,,,,,,,,,,,,,,,,,,,,,,,,,,,,,,,,,,,,,,,,,,,,,,,,,,,,,,,,,,,,,,,,,,,,,,,,,,,,,,,,,,,,,,,,,,,,,,,,,,,,,,,,,,,,,,,,,,,,,,,,,,,,,,,,,,,,,
,,,,,,,,,,,,,,,,,,,,,,,,,,,,,,,,,,,,,,,,,,,,,,,,,,,,,,,,,,,,,,,,,,,,,,,,,,,,,,,,,,,,,,,,,,,,,,,,,,,,,,,,,,,,,,,,,,,,,,,,,,,,,,,,,,,,,,,,,,,,,,,,,,,,,,,,,,,,,,,,,,,,,,
,,,,,,,,,,,,,,,,,,,,,,,,,,,,,,,,,,,,,,,,,,,,,,,,,,,,,,,,,,,,,,,,,,,,,,,,,,,,,,,,,,,,,,,,,,,,,,,,,,,,,,,,,,,,,,,,,,,,,,,,,,,,,,,,,,,,,,,,,,,,,,,,,,,,,,,,,,,,,,,,,,,,,,
,Violations,"Total, all violations  [0]",,,,,"Total, all Criminal Code violations (including traffic)  [25]",,,,,"Total, all Criminal Code violations (excluding traffic)  [50]",,,,,Total violent Criminal Code violations  [100] 8,,,,,Total property crime violations  [200],,,,,Total other Criminal Code violations  [300],,,,,Total Criminal Code traffic violations  [900] 9,,,,,Total impaired driving  [910] 9 10 11,,,,,Total other Criminal Code traffic violations  [920] 9,,,,,Total Federal Statute violations  [400],,,,,Total Drug violations  [401],,,,,"Possession, cannabis (pre-legalization)  [4140] 12",,,,,"Possession, cocaine  [4120] 13",,,,,"Total, possession, other Controlled Drugs and Substances Act drugs  [410] 13",,,,,"Total cannabis, trafficking, production or distribution (pre-legalization)  [420] 12 14 15",,,,,"Total cocaine, trafficking, production or distribution  [430]",,,,,"Total other Controlled Drugs and Substances Act drugs, trafficking, production or distribution  [440]",,,,,"Possession, sale, etc., for use in production of or trafficking in substance  [4590] 14 16",,,,,Total Cannabis Act  [450] 12 15,,,,,Youth Criminal Justice Act  [6450],,,,,Total other Federal Statutes  [610],,,,,Bankruptcy Act  [6100],,,,,Income Tax Act  [6150],,,,,Canada Shipping Act  [6200],,,,,Canada Health Act  [6250],,,,,Customs Act  [6300],,,,,Competition Act  [6350],,,,,Excise Act  [6400],,,,,Total Immigration and Refugee Protection Act  [620] 17,,,,,Firearms Act  [6550],,,,,National Defence Act  [6560],,,,,Quarantine Act  [6600],,,,,Other federal statutes  [6900],,,,
Geography 6 7,Statistics,2020,2021,2022,2023,2024,2020,2021,2022,2023,2024,2020,2021,2022,2023,2024,2020,2021,2022,2023,2024,2020,2021,2022,2023,2024,2020,2021,2022,2023,2024,2020,2021,2022,2023,2024,2020,2021,2022,2023,2024,2020,2021,2022,2023,2024,2020,2021,2022,2023,2024,2020,2021,2022,2023,2024,2020,2021,2022,2023,2024,2020,2021,2022,2023,2024,2020,2021,2022,2023,2024,2020,2021,2022,2023,2024,2020,2021,2022,2023,2024,2020,2021,2022,2023,2024,2020,2021,2022,2023,2024,2020,2021,2022,2023,2024,2020,2021,2022,2023,2024,2020,2021,2022,2023,2024,2020,2021,2022,2023,2024,2020,2021,2022,2023,2024,2020,2021,2022,2023,2024,2020,2021,2022,2023,2024,2020,2021,2022,2023,2024,2020,2021,2022,2023,2024,2020,2021,2022,2023,2024,2020,2021,2022,2023,2024,2020,2021,2022,2023,2024,2020,2021,2022,2023,2024,2020,2021,2022,2023,2024,2020,2021,2022,2023,2024
Newfoundland and Labrador [10],,Number,,,,,,,,,,,,,,,,,,,,,,,,,,,,,,,,,,,,,,,,,,,,,,,,,,,,,,,,,,,,,,,,,,,,,,,,,,,,,,,,,,,,,,,,,,,,,,,,,,,,,,,,,,,,,,,,,,,,,,,,,,,,,,,,,,,,,,,,,,,,,,,,,,,,,,,,,,,,,,,,,,,,
,Actual incidents,35290,38075,39579,42728,45553,34140,36936,38493,41441,44176,31430,34443,36325,38967,41532,8742,9515,9541,10213,10306,16414,17504,19513,21342,22753,6274,7424,7271,7412,8473,2710,2493,2168,2474,2644,2277,2068,1777,1957,2004,433,425,391,517,640,1150,1139,1086,1287,1377,922,896,865,992,1137,0,0,0,0,0,113,88,105,145,191,62,84,80,80,99,0,0,0,0,0,452,445,445,539,626,200,212,189,192,193,0,0,0,0,1,95,67,46,36,27,29,4,8,1,7,199,239,213,294,233,0,0,0,0,0,1,0,0,0,0,9,0,1,4,3,0,1,0,0,0,5,3,3,6,3,0,0,0,0,0,45,78,68,116,92,1,0,1,2,1,51,38,18,12,17,0,0,0,0,0,5,7,0,0,0,82,112,122,154,117
"Natuashish, Newfoundland and Labrador, Royal Canadian Mounted Police, rural [10006] 18",,802,858,772,903,973,751,780,678,781,869,716,723,651,753,855,235,177,173,230,231,383,438,367,354,405,98,108,111,169,219,35,57,27,28,14,33,55,26,27,11,2,2,1,1,3,51,78,94,122,104,7,15,16,22,26,0,0,0,0,0,2,2,1,7,3,0,0,1,0,1,0,0,0,0,0,4,11,14,11,21,0,1,0,0,0,0,0,0,0,0,1,1,0,4,1,0,0,1,0,0,44,63,77,100,78,0,0,0,0,0,0,0,0,0,0,0,0,0,0,0,0,0,0,0,0,0,0,0,0,0,0,0,0,0,0,0,0,0,0,0,0,0,0,0,0,0,0,0,0,0,0,0,0,0,0,0,0,0,0,0,44,63,77,100,78
"Makkovik, Newfoundland and Labrador, Royal Canadian Mounted Police, rural [10007] 18",,53,16,31,23,35,49,16,31,23,35,40,14,29,23,29,12,6,13,15,11,23,6,10,7,13,5,2,6,1,5,9,2,2,0,6,9,2,2,0,6,0,0,0,0,0,4,0,0,0,0,1,0,0,0,0,0,0,0,0,0,0,0,0,0,0,0,0,0,0,0,0,0,0,0,0,0,0,0,0,0,1,0,0,0,0,0,0,0,0,0,0,0,0,0,0,0,0,0,0,0,3,0,0,0,0,0,0,0,0,0,0,0,0,0,0,2,0,0,0,0,0,0,0,0,0,0,0,0,0,0,0,0,0,0,0,0,0,0,0,0,1,0,0,0,0,0,0,0,0,0,0,0,0,0,0,0,0,0,0,0,0,0,0,0,0
"Rigolet, Newfoundland and Labrador, Royal Canadian Mounted Police, rural [10008] 18",,29,23,25,31,19,29,23,25,31,19,22,17,18,26,18,14,12,9,11,5,4,5,9,11,9,4,0,0,4,4,7,6,7,5,1,7,6,7,2,1,0,0,0,3,0,0,0,0,0,0,0,0,0,0,0,0,0,0,0,0,0,0,0,0,0,0,0,0,0,0,0,0,0,0,0,0,0,0,0,0,0,0,0,0,0,0,0,0,0,0,0,0,0,0,0,0,0,0,0,0,0,0,0,0,0,0,0,0,0,0,0,0,0,0,0,0,0,0,0,0,0,0,0,0,0,0,0,0,0,0,0,0,0,0,0,0,0,0,0,0,0,0,0,0,0,0,0,0,0,0,0,0,0,0,0,0,0,0,0,0,0,0,0,0,0
"Sheshatshiu, Newfoundland and Labrador, Royal Canadian Mounted Police, rural [10009] 18",,2894,3290,2322,2164,2254,2835,3239,2277,2129,2200,2703,3158,2217,2034,2130,501,530,420,469,407,1783,2147,1455,1216,1423,419,481,342,349,300,132,81,60,95,70,126,78,53,86,63,6,3,7,9,7,59,51,45,35,54,59,49,41,31,53,0,0,0,0,0,3,5,2,6,9,0,1,2,1,1,0,0,0,0,0,47,40,30,22,42,5,1,4,1,0,0,0,0,0,0,4,2,3,1,1,0,0,0,0,0,0,2,4,4,1,0,0,0,0,0,0,0,0,0,0,0,0,0,0,0,0,0,0,0,0,0,0,0,0,0,0,0,0,0,0,0,0,0,0,0,0,0,0,0,0,0,1,1,0,0,0,0,0,0,0,0,0,0,0,0,0,1,3,4,1
"Bay St. George, Newfoundland and Labrador, Royal Canadian Mounted Police, rural [10010] 18",,1687,1945,1815,2067,2048,1601,1841,1741,1988,1938,1453,1713,1647,1885,1805,368,445,448,412,413,766,873,883,1040,975,319,395,316,433,417,148,128,94,103,133,124,103,86,88,115,24,25,8,15,18,86,104,74,79,110,70,80,65,66,97,0,0,0,0,0,6,8,6,8,11,6,6,4,5,4,0,0,0,0,0,17,17,25,21,47,35,43,28,29,31,0,0,0,0,0,6,6,2,3,4,0,0,0,0,0,16,24,9,13,13,0,0,0,0,0,0,0,0,0,0,0,0,0,0,0,0,0,0,0,0,0,0,0,0,0,0,0,0,0,0,9,9,5,8,6,0,0,0,0,0,1,5,2,0,1,0,0,0,0,0,0,1,0,0,0,6,9,2,5,6
"Channel-Port aux Basques, Newfoundland and Labrador, Royal Canadian Mounted Police, rural [10011] 18",,322,397,301,378,407,297,388,286,357,371,277,360,274,334,337,89,103,91,112,108,132,195,140,150,153,56,62,43,72,76,20,28,12,23,34,17,24,11,20,25,3,4,1,3,9,25,9,15,21,36,20,8,8,16,29,0,0,0,0,0,3,0,1,2,4,1,2,1,1,1,0,0,0,0,0,11,4,5,9,15,1,0,1,4,8,0,0,0,0,0,4,2,0,0,1,0,0,0,0,0,5,1,7,5,7,0,0,0,0,0,0,0,0,0,0,0,0,0,0,0,0,0,0,0,0,0,0,0,0,0,0,0,0,0,0,3,0,6,4,6,0,0,0,0,0,0,0,1,0,0,0,0,0,0,0,0,0,0,0,0,2,1,0,1,1
"Corner Brook, Newfoundland and Labrador, Royal Canadian Mounted Police, rural [10012] 18",,380,377,449,528,..,365,354,420,485,..,328,333,392,441,..,92,99,139,133,..,161,168,182,201,..,75,66,71,107,..,37,21,28,44,..,35,19,22,37,..,2,2,6,7,..,15,23,29,43,..,13,20,25,40,..,0,0,0,0,..,1,2,2,6,..,1,1,2,3,..,0,0,0,0,..,7,14,15,25,..,3,1,4,5,..,0,0,0,0,..,1,2,2,1,..,0,0,0,0,..,2,3,4,3,..,0,0,0,0,..,0,0,0,0,..,0,0,0,2,..,0,0,0,0,..,0,0,0,0,..,0,0,0,0,..,1,3,2,0,..,0,0,0,0,..,0,0,0,0,..,0,0,0,0,..,0,0,0,0,..,1,0,2,1,..
"Burgeo, Newfoundland and Labrador, Royal Canadian Mounted Police, rural [10013] 18",,34,38,14,22,24,33,36,14,22,24,29,28,14,20,24,9,11,3,4,8,14,8,6,11,10,6,9,5,5,6,4,8,0,2,0,4,5,0,1,0,0,3,0,1,0,1,2,0,0,0,1,1,0,0,0,0,0,0,0,0,1,0,0,0,0,0,0,0,0,0,0,0,0,0,0,0,0,0,0,0,0,0,0,0,0,0,0,0,0,0,0,1,0,0,0,0,0,0,0,0,0,1,0,0,0,0,0,0,0,0,0,0,0,0,0,0,0,0,0,0,0,0,0,0,0,0,0,0,0,0,0,0,0,0,0,0,1,0,0,0,0,0,0,0,0,0,0,0,0,0,0,0,0,0,0,0,0,0,0,0,0,0,0,0,0
"Port Saunders, Newfoundland and Labrador, Royal Canadian Mounted Police, rural [10014] 18",,162,115,100,109,115,149,107,97,107,108,123,101,89,94,95,50,39,38,34,41,55,39,33,42,33,18,23,18,18,21,26,6,8,13,13,26,6,8,11,11,0,0,0,2,2,13,8,3,2,7,11,7,3,1,6,0,0,0,0,0,4,2,1,0,0,0,1,0,0,0,0,0,0,0,0,4,3,1,1,3,2,1,1,0,2,0,0,0,0,0,1,0,0,0,1,0,0,0,0,0,2,1,0,1,1,0,0,0,0,0,0,0,0,0,0,0,0,0,0,0,0,0,0,0,0,0,0,0,0,0,0,0,0,0,0,0,1,0,0,1,0,0,0,0,0,0,0,0,0,0,0,0,0,0,0,0,0,0,0,0,2,0,0,1,0
"Roddickton, Newfoundland and Labrador, Royal Canadian Mounted Police, rural [10015] 18",,63,87,111,73,107,61,82,109,71,101,55,80,108,69,99,22,39,47,29,39,28,28,47,31,45,5,13,14,9,15,6,2,1,2,2,6,2,1,2,1,0,0,0,0,1,2,5,2,2,6,2,4,2,2,4,0,0,0,0,0,2,1,0,0,0,0,0,0,0,0,0,0,0,0,0,0,1,1,2,3,0,0,1,0,1,0,0,0,0,0,0,2,0,0,0,0,0,0,0,0,0,1,0,0,2,0,0,0,0,0,0,0,0,0,0,0,0,0,0,0,0,0,0,0,0,0,0,0,0,0,0,0,0,0,0,0,0,0,0,2,0,0,0,0,0,0,1,0,0,0,0,0,0,0,0,0,0,0,0,0,0,0,0,0,0
"Harbour Breton, Newfoundland and Labrador, Royal Canadian Mounted Police, rural [10016] 18",,124,162,141,140,137,115,146,133,127,128,100,130,120,115,110,46,56,46,43,39,38,44,43,51,48,16,30,31,21,23,15,16,13,12,18,15,16,13,10,14,0,0,0,2,4,9,16,8,13,9,6,9,7,9,9,0,0,0,0,0,1,0,0,0,5,1,2,0,0,0,0,0,0,0,0,3,2,6,7,2,1,4,1,2,0,0,0,0,0,0,0,1,0,0,2,0,0,0,0,0,3,7,1,4,0,0,0,0,0,0,0,0,0,0,0,1,0,0,0,0,0,0,0,0,0,0,0,0,0,0,0,0,0,0,0,2,4,1,4,0,0,0,0,0,0,0,0,0,0,0,0,0,0,0,0,0,0,0,0,0,0,3,0,0,0
"Bay d'Espoir, Newfoundland and Labrador, Royal Canadian Mounted Police, rural [10017] 18",,117,117,122,134,181,109,108,113,112,163,88,88,104,99,151,31,38,41,38,60,47,36,49,44,68,10,14,14,17,23,21,20,9,13,12,18,20,7,10,8,3,0,2,3,4,8,9,9,22,18,6,9,8,21,17,0,0,0,0,0,0,1,0,3,3,0,0,0,0,2,0,0,0,0,0,4,7,8,17,12,1,1,0,1,0,0,0,0,0,0,1,0,0,0,0,0,0,0,0,0,2,0,1,1,1,0,0,0,0,0,0,0,0,0,0,1,0,0,0,0,0,0,0,0,0,0,0,0,0,0,0,0,0,0,0,0,0,0,1,0,0,0,0,0,0,1,0,0,0,0,0,0,0,0,0,0,0,0,0,0,0,0,1,0,1
"Baie Verte, Newfoundland and Labrador, Royal Canadian Mounted Police, rural [10018] 18",,106,139,116,145,136,96,132,112,142,133,84,108,104,130,123,30,43,38,53,43,34,53,48,48,56,20,12,18,29,24,12,24,8,12,10,11,23,8,12,10,1,1,0,0,0,10,7,4,3,3,6,2,4,1,2,0,0,0,0,0,0,0,2,0,1,0,0,0,0,0,0,0,0,0,0,3,1,1,1,1,2,1,1,0,0,0,0,0,0,0,1,0,0,0,0,0,0,0,0,0,4,5,0,2,1,0,0,0,0,0,0,0,0,0,0,0,0,0,0,0,0,0,0,0,0,0,0,0,0,0,0,0,0,0,0,3,1,0,2,1,0,0,0,0,0,0,0,0,0,0,0,0,0,0,0,0,0,0,0,0,1,4,0,0,0
"Deer Lake, Newfoundland and Labrador, Royal Canadian Mounted Police, rural [10019] 18",,577,654,640,769,755,539,618,600,736,704,483,571,545,656,622,140,174,170,160,169,243,297,283,372,332,100,100,92,124,121,56,47,55,80,82,53,40,50,62,55,3,7,5,18,27,38,36,40,33,51,37,28,36,30,41,0,0,0,0,0,10,3,4,4,4,0,2,5,0,2,0,0,0,0,0,13,14,18,18,24,10,8,8,7,11,0,0,0,0,0,4,1,1,1,0,0,0,0,0,4,1,8,4,3,6,0,0,0,0,0,0,0,0,0,0,0,0,0,0,0,0,0,0,0,0,0,1,0,0,0,0,0,0,0,0,0,4,2,1,1,0,0,0,0,0,0,1,0,0,0,0,0,0,0,0,0,0,0,0,0,1,2,2,2,5
"Rocky Harbour, Newfoundland and Labrador, Royal Canadian Mounted Police, rural [10020] 18",,180,160,166,170,240,174,156,152,161,222,144,145,138,141,187,36,38,29,37,60,64,86,76,73,97,44,21,33,31,30,30,11,14,20,35,29,11,14,18,35,1,0,0,2,0,6,4,14,9,18,5,1,12,8,17,0,0,0,0,0,0,0,1,0,3,0,0,0,0,0,0,0,0,0,0,2,0,9,7,9,1,1,2,1,3,0,0,0,0,0,2,0,0,0,2,0,0,0,0,0,1,3,2,1,1,0,0,0,0,0,0,0,0,0,0,0,0,0,0,0,0,0,0,0,0,0,0,0,0,0,0,0,0,0,0,0,1,0,1,1,0,0,0,0,0,1,0,1,0,0,0,0,0,0,0,0,0,0,0,0,0,2,1,0,0
"Springdale, Newfoundland and Labrador, Royal Canadian Mounted Police, rural [10021] 18",,367,293,318,352,277,345,276,299,333,272,317,248,266,309,250,130,82,75,94,84,115,111,135,144,114,72,55,56,71,52,28,28,33,24,22,23,20,27,18,21,5,8,6,6,1,22,17,19,19,5,18,15,18,16,5,0,0,0,0,0,1,0,2,1,2,4,4,3,0,0,0,0,0,0,0,3,7,8,13,3,9,2,4,2,0,0,0,0,0,0,1,2,1,0,0,0,0,0,0,0,4,2,1,3,0,0,0,0,0,0,0,0,0,0,0,0,0,0,0,0,0,0,0,0,0,0,0,0,0,0,0,0,0,0,0,2,1,1,2,0,0,0,0,0,0,1,1,0,0,0,0,0,0,0,0,0,0,0,0,0,1,0,0,1,0
"Flower's Cove, Newfoundland and Labrador, Royal Canadian Mounted Police, rural [10022] 18",,20,39,28,23,24,20,39,27,23,22,15,35,25,19,17,6,13,5,5,6,7,20,12,11,11,2,2,8,3,0,5,4,2,4,5,5,4,2,4,5,0,0,0,0,0,0,0,1,0,2,0,0,0,0,2,0,0,0,0,0,0,0,0,0,2,0,0,0,0,0,0,0,0,0,0,0,0,0,0,0,0,0,0,0,0,0,0,0,0,0,0,0,0,0,0,0,0,0,0,0,0,0,1,0,0,0,0,0,0,0,0,0,0,0,0,0,0,0,0,0,0,0,0,0,0,0,0,0,0,0,0,0,0,0,0,0,0,0,0,0,0,0,0,0,0,0,0,0,0,0,0,0,0,0,0,0,0,0,0,0,0,0,1,0,0
"St. Anthony, Newfoundland and Labrador, Royal Canadian Mounted Police, rural [10023] 18",,77,134,138,172,152,75,127,129,160,143,65,113,121,147,133,20,36,36,51,41,37,62,68,71,68,8,15,17,25,24,10,14,8,13,10,8,8,6,12,9,2,6,2,1,1,2,7,9,12,9,2,6,6,7,8,0,0,0,0,0,0,0,1,3,1,0,0,1,0,0,0,0,0,0,0,1,4,2,3,6,1,1,1,0,0,0,0,0,0,0,0,1,1,1,1,0,0,1,0,0,0,1,2,5,1,0,0,0,0,0,0,0,0,0,0,0,0,0,1,0,0,0,0,0,0,0,0,0,0,0,0,0,0,0,0,0,1,1,3,1,0,0,0,0,0,0,0,0,0,0,0,0,0,0,0,0,0,0,0,0,0,0,1,1,0
"Bell Island, Newfoundland and Labrador, Royal Canadian Mounted Police, rural [10024] 18",,264,276,374,400,297,247,260,357,376,276,240,251,348,365,252,60,59,81,100,71,123,143,190,177,119,57,49,77,88,62,7,9,9,11,24,5,6,6,6,17,2,3,3,5,7,17,16,17,24,21,13,15,13,21,19,0,0,0,0,0,0,2,1,2,1,0,1,0,1,0,0,0,0,0,0,6,9,9,13,15,4,1,3,4,3,0,0,0,0,0,3,2,0,1,0,0,0,0,0,0,4,1,4,3,2,0,0,0,0,0,0,0,0,0,0,0,0,0,0,0,0,0,0,0,0,0,0,0,0,0,0,0,0,0,0,2,1,1,3,1,0,0,0,0,0,0,0,1,0,0,0,0,0,0,0,0,0,0,0,0,2,0,2,0,1
"Fogo, Newfoundland and Labrador, Royal Canadian Mounted Police, rural [10025] 18",,51,50,68,59,92,50,48,68,58,88,47,42,63,53,82,22,16,16,17,31,18,19,36,28,43,7,7,11,8,8,3,6,5,5,6,2,4,5,4,3,1,2,0,1,3,1,2,0,1,4,1,0,0,1,3,0,0,0,0,0,0,0,0,0,0,0,0,0,0,0,0,0,0,0,0,0,0,0,1,1,1,0,0,0,1,0,0,0,0,0,0,0,0,0,1,0,0,0,0,0,0,2,0,0,1,0,0,0,0,0,0,0,0,0,0,0,0,0,0,0,0,0,0,0,0,0,0,0,0,0,0,0,0,0,0,0,0,0,0,1,0,0,0,0,0,0,1,0,0,0,0,0,0,0,0,0,0,0,0,0,0,1,0,0,0
"Clarenville, Newfoundland and Labrador, Royal Canadian Mounted Police, rural [10026] 18",,878,1065,1046,1055,971,826,1006,954,963,930,727,925,847,853,829,175,203,231,206,207,403,488,407,446,433,149,234,209,201,189,99,81,107,110,101,91,73,94,101,80,8,8,13,9,21,52,59,92,92,41,43,56,79,74,35,0,0,0,0,0,5,5,10,12,7,3,3,4,6,2,0,0,0,0,0,26,30,50,47,17,8,17,13,9,7,0,0,0,0,0,1,1,2,0,2,0,0,0,0,0,9,3,13,18,6,0,0,0,0,0,0,0,0,0,0,0,0,0,0,0,0,0,0,0,0,0,0,1,0,0,0,0,0,0,0,2,0,8,13,3,0,0,0,0,0,4,0,1,1,1,0,0,0,0,0,0,1,0,0,0,3,2,3,4,2
"Bonavista, Newfoundland and Labrador, Royal Canadian Mounted Police, rural [10027] 18",,417,487,532,525,586,396,460,512,495,547,359,418,472,444,506,129,130,136,129,119,155,207,210,245,279,75,81,126,70,108,37,42,40,51,41,35,33,31,42,28,2,9,9,9,13,21,27,20,30,39,18,22,18,26,30,0,0,0,0,0,1,4,2,1,6,1,3,0,0,1,0,0,0,0,0,8,9,9,20,18,5,6,6,4,3,0,0,0,0,0,3,0,1,1,2,0,0,0,0,0,3,5,2,4,9,0,0,0,0,0,0,0,0,0,0,0,0,0,0,0,0,0,0,0,0,0,0,0,0,0,0,0,0,0,0,0,3,1,2,7,0,0,0,0,0,0,1,0,1,0,0,0,0,0,0,2,0,0,0,0,1,1,1,1,2
"Bay Roberts, Newfoundland and Labrador, Royal Canadian Mounted Police, rural [10028]",,1062,1145,1009,1175,1154,1016,1098,976,1132,1075,881,988,880,1029,942,290,328,317,322,220,428,531,440,547,547,163,129,123,160,175,135,110,96,103,133,120,98,76,94,90,15,12,20,9,43,46,47,33,43,79,38,42,28,35,67,0,0,0,0,0,6,3,6,7,6,3,5,4,0,1,0,0,0,0,0,15,20,12,14,51,11,9,5,10,7,0,0,0,0,1,3,5,1,4,1,0,0,0,0,0,8,5,5,8,12,0,0,0,0,0,0,0,0,0,0,0,0,1,1,1,0,0,0,0,0,0,0,0,0,0,0,0,0,0,0,4,3,1,2,6,0,0,0,0,0,4,1,1,0,3,0,0,0,0,0,0,0,0,0,0,0,1,2,5,2
"Twillingate, Newfoundland and Labrador, Royal Canadian Mounted Police, rural [10029] 18",,206,201,216,207,290,200,195,206,195,271,170,174,179,174,251,51,63,59,45,67,96,82,90,92,134,23,29,30,37,50,30,21,27,21,20,21,17,22,16,20,9,4,5,5,0,6,6,10,12,19,6,6,5,8,15,0,0,0,0,0,1,1,0,1,1,0,1,0,0,0,0,0,0,0,0,3,2,4,6,11,1,2,1,1,3,0,0,0,0,0,1,0,0,0,0,0,0,0,0,0,0,0,5,4,4,0,0,0,0,0,0,0,0,0,0,0,0,0,0,1,0,0,0,0,0,0,0,0,0,0,0,0,0,0,0,0,0,2,3,1,0,0,0,0,0,0,0,1,0,0,0,0,0,0,0,0,0,0,0,0,0,0,2,1,2
"Whitbourne, Newfoundland and Labrador, Royal Canadian Mounted Police, rural [10032] 18",,322,328,341,392,462,315,318,332,376,433,253,265,300,320,381,73,70,92,90,112,141,157,168,174,221,39,38,40,56,48,62,53,32,56,52,55,49,25,48,46,7,4,7,8,6,7,10,9,16,29,5,5,8,14,29,0,0,0,0,0,1,0,2,0,0,0,1,0,0,0,0,0,0,0,0,3,2,4,9,26,1,2,1,4,2,0,0,0,0,0,0,0,1,1,1,0,0,0,0,0,2,5,1,2,0,0,0,0,0,0,0,0,0,0,0,1,0,0,0,0,0,0,0,0,0,0,0,0,0,0,0,0,0,0,0,0,1,0,2,0,0,0,0,0,0,1,3,0,0,0,0,0,0,0,0,0,1,0,0,0,0,0,1,0,0
"Placentia, Newfoundland and Labrador, Royal Canadian Mounted Police, rural [10033] 18",,193,185,209,332,350,185,177,188,301,319,162,154,176,275,289,58,46,68,94,107,81,81,81,121,125,23,27,27,60,57,23,23,12,26,30,22,22,9,18,28,1,1,3,8,2,8,8,21,31,31,4,5,20,30,30,0,0,0,0,0,0,1,2,3,6,0,0,1,2,1,0,0,0,0,0,3,2,11,23,17,0,0,6,1,6,0,0,0,0,0,1,2,0,1,0,0,0,0,0,0,4,3,1,1,1,0,0,0,0,0,0,0,0,0,0,0,0,0,0,0,0,0,0,0,0,0,0,0,0,0,0,0,0,0,0,1,0,1,0,1,0,0,0,0,0,2,3,0,1,0,0,0,0,0,0,1,0,0,0,0,0,0,0,0,0
"Lewisporte, Newfoundland and Labrador, Royal Canadian Mounted Police, rural [10035] 18",,338,297,281,401,469,324,284,270,384,453,290,257,250,344,410,85,62,67,108,139,152,164,147,188,222,53,31,36,48,49,34,27,20,40,43,34,26,19,39,37,0,1,1,1,6,14,13,11,17,16,13,9,5,12,13,0,0,0,0,0,0,0,0,1,3,2,0,0,1,0,0,0,0,0,0,5,4,1,3,7,6,3,3,7,3,0,0,0,0,0,0,2,1,0,0,0,0,0,0,0,1,4,6,5,3,0,0,0,0,0,0,0,0,0,0,0,0,0,0,0,0,0,0,0,0,0,0,0,0,0,0,0,0,0,0,1,2,2,2,1,0,0,0,0,0,0,1,1,1,1,0,0,0,0,0,0,0,0,0,0,0,1,3,2,1
"Ferryland, Newfoundland and Labrador, Royal Canadian Mounted Police, rural [10036] 18",,273,277,310,422,451,268,268,296,372,417,235,235,279,317,349,48,53,81,75,96,144,142,175,191,204,43,40,23,51,49,33,33,17,55,68,30,31,13,34,31,3,2,4,21,37,5,9,14,50,34,5,8,10,25,20,0,0,0,0,0,0,1,4,11,8,0,0,0,1,2,0,0,0,0,0,3,2,6,12,8,1,3,0,1,2,0,0,0,0,0,1,2,0,0,0,0,0,0,0,0,0,1,4,25,14,0,0,0,0,0,0,0,0,0,0,0,0,0,0,0,0,0,0,0,0,0,0,0,0,0,0,0,0,0,0,0,0,3,25,12,0,0,0,0,0,0,0,1,0,1,0,0,0,0,0,0,1,0,0,0,0,0,0,0,1
"Holyrood, Newfoundland and Labrador, Royal Canadian Mounted Police, rural [10037] 18",,448,433,495,522,624,439,423,472,476,598,355,356,415,410,506,78,80,92,113,112,214,216,237,233,270,63,60,86,64,124,84,67,57,66,92,64,50,46,58,49,20,17,11,8,43,9,10,23,46,26,9,8,19,32,19,0,0,0,0,0,1,2,2,7,9,0,0,0,0,1,0,0,0,0,0,6,4,13,17,6,2,1,3,4,2,0,0,0,0,0,0,1,1,4,1,0,0,0,0,0,0,2,4,14,7,0,0,0,0,0,0,0,0,0,0,0,0,0,0,0,0,0,0,0,0,0,0,0,0,0,0,0,0,0,0,0,0,3,13,7,0,0,0,0,0,0,0,0,0,0,0,0,0,0,0,0,0,0,0,0,0,2,1,1,0
"Carmanville, Newfoundland and Labrador, Royal Canadian Mounted Police, rural [10039] 18",,174,213,155,225,255,162,204,142,199,239,143,186,128,176,215,46,65,34,59,58,75,95,77,88,118,22,26,17,29,39,19,18,14,23,24,19,15,11,21,23,0,3,3,2,1,12,9,13,26,16,9,4,10,23,11,0,0,0,0,0,0,0,0,0,0,0,0,0,0,1,0,0,0,0,0,8,2,6,22,10,1,2,3,1,0,0,0,0,0,0,0,0,1,0,0,0,0,0,0,0,3,5,3,3,5,0,0,0,0,0,1,0,0,0,0,1,0,0,0,0,0,0,0,0,0,0,0,0,0,0,0,0,0,0,0,0,2,3,3,5,0,0,0,0,0,0,3,0,0,0,0,0,0,0,0,0,0,0,0,0,1,0,0,0,0
"Glovertown, Newfoundland and Labrador, Royal Canadian Mounted Police, rural [10040] 18",,420,477,367,424,412,392,435,348,410,397,336,361,328,359,355,102,125,115,154,133,183,185,163,138,168,51,51,50,67,54,56,74,20,51,42,35,52,14,45,36,21,22,6,6,6,28,42,19,14,15,23,36,13,14,11,0,0,0,0,0,3,3,0,2,2,0,0,0,0,0,0,0,0,0,0,12,24,11,7,7,3,7,1,3,2,0,0,0,0,0,5,2,1,2,0,0,0,0,0,0,5,6,6,0,4,0,0,0,0,0,0,0,0,0,0,0,0,0,0,0,0,0,0,0,0,0,0,0,0,0,0,0,0,0,0,1,5,2,0,1,0,0,0,0,1,1,0,3,0,0,0,0,0,0,0,0,1,0,0,0,3,0,1,0,2
"New-Wes-Valley, Newfoundland and Labrador, Royal Canadian Mounted Police, rural [10041] 18",,112,153,157,206,207,105,142,149,202,206,87,133,133,184,188,24,46,46,71,68,51,61,72,83,80,12,26,15,30,40,18,9,16,18,18,17,8,16,12,16,1,1,0,6,2,7,11,8,4,1,7,10,4,4,1,0,0,0,0,0,1,0,3,2,1,1,0,0,0,0,0,0,0,0,0,4,10,1,1,0,0,0,0,1,0,0,0,0,0,0,1,0,0,0,0,0,0,0,0,0,0,1,4,0,0,0,0,0,0,0,0,0,0,0,0,0,0,0,0,0,0,0,0,0,0,0,0,0,0,0,0,0,0,0,0,0,1,3,0,0,0,0,0,0,0,0,0,1,0,0,0,0,0,0,0,0,0,0,0,0,0,0,0,0,0
"Gander, Newfoundland and Labrador, Royal Canadian Mounted Police, rural [10042] 18",,918,868,1194,1345,1396,874,830,1153,1296,1357,796,768,1100,1231,1273,173,194,231,252,276,439,433,687,748,712,184,141,182,231,285,78,62,53,65,84,70,57,46,51,77,8,5,7,14,7,44,38,41,49,39,42,34,35,40,33,0,0,0,0,0,8,2,6,9,9,0,1,3,2,2,0,0,0,0,0,24,25,22,23,19,4,4,2,5,2,0,0,0,0,0,6,2,2,1,1,0,0,0,0,0,2,4,6,9,6,0,0,0,0,0,0,0,0,0,0,0,0,0,0,0,0,0,0,0,0,0,0,0,0,0,0,0,0,0,0,1,1,6,5,2,0,0,0,0,0,1,1,0,0,1,0,0,0,0,0,0,0,0,0,0,0,2,0,4,3
"Grand Falls-Windsor, Newfoundland and Labrador, Royal Canadian Mounted Police, rural [10043] 18",,1724,1727,1711,1845,2190,1639,1646,1648,1771,2056,1527,1527,1552,1657,1897,361,396,342,376,395,886,841,952,994,1094,280,290,258,287,408,112,119,96,114,159,101,104,83,98,115,11,15,13,16,44,85,81,63,74,134,76,73,56,64,127,0,0,0,0,0,9,4,6,12,27,3,1,0,1,12,0,0,0,0,0,43,54,34,43,74,13,10,10,4,14,0,0,0,0,0,8,4,6,4,0,1,0,0,0,0,8,8,7,10,7,0,0,0,0,0,0,0,0,0,0,1,0,0,0,0,0,0,0,0,0,0,0,0,0,0,0,0,0,0,0,4,2,3,3,4,0,0,0,0,0,1,3,0,1,0,0,0,0,0,0,0,0,0,0,0,2,3,4,6,3
"St. John's, Newfoundland and Labrador, Royal Newfoundland Constabulary, municipal [10500] 19",,11262,11414,13766,15151,15722,11139,11325,13663,15039,15624,10492,10708,13008,14344,14973,3255,3524,3649,3981,4144,5531,5391,7338,8275,8149,1706,1793,2021,2088,2680,647,617,655,695,651,479,469,498,465,464,168,148,157,230,187,123,89,103,112,98,85,66,87,103,89,0,0,0,0,0,17,12,4,6,9,23,26,32,42,47,0,0,0,0,0,13,9,11,10,10,17,10,36,45,22,0,0,0,0,0,15,9,4,0,1,3,4,3,1,2,35,19,13,8,7,0,0,0,0,0,0,0,0,0,0,0,0,0,0,0,0,1,0,0,0,0,0,0,0,0,0,0,0,0,0,4,5,7,2,2,0,0,1,2,0,28,8,2,4,4,0,0,0,0,0,0,0,0,0,0,3,5,3,0,1
"Labrador, Newfoundland and Labrador, Royal Newfoundland Constabulary, municipal [10501] 18",,266,230,245,271,219,261,227,240,269,212,240,203,192,227,189,116,75,85,82,70,102,93,66,110,96,22,35,41,35,23,21,24,48,42,23,18,20,41,32,22,3,4,7,10,1,5,3,5,2,7,2,2,3,2,6,0,0,0,0,0,0,0,0,1,0,1,1,2,0,2,0,0,0,0,0,1,0,0,1,1,0,0,1,0,3,0,0,0,0,0,0,1,0,0,0,0,0,0,0,0,3,1,2,0,1,0,0,0,0,0,0,0,0,0,0,0,0,0,0,0,0,0,0,0,0,0,0,0,0,0,0,0,0,0,0,0,0,0,0,0,0,0,0,0,0,2,0,0,0,0,0,0,0,0,0,1,0,0,0,0,0,1,2,0,1
"Corner Brook, Newfoundland and Labrador, Royal Newfoundland Constabulary, municipal [10502]",,1143,1353,1451,1315,1683,1129,1334,1427,1298,1651,1014,1218,1338,1236,1541,333,356,328,352,345,435,527,632,577,880,246,335,378,307,316,115,116,89,62,110,73,88,64,43,85,42,28,25,19,25,14,19,24,17,32,12,16,22,16,28,0,0,0,0,0,4,5,5,2,5,3,7,5,6,3,0,0,0,0,0,3,1,11,7,12,0,1,0,1,7,0,0,0,0,0,2,2,1,0,1,1,0,2,0,1,1,3,0,1,3,0,0,0,0,0,0,0,0,0,0,0,0,0,0,0,0,0,0,0,0,0,0,0,0,0,0,0,0,0,0,0,0,0,0,0,0,0,0,0,0,1,1,0,0,2,0,0,0,0,0,0,0,0,0,0,0,2,0,1,1
"Churchill Falls, Newfoundland and Labrador, Royal Newfoundland Constabulary, municipal [10503]",,..,..,..,..,..,..,..,..,..,..,..,..,..,..,..,..,..,..,..,..,..,..,..,..,..,..,..,..,..,..,..,..,..,..,..,..,..,..,..,..,..,..,..,..,..,..,..,..,..,..,..,..,..,..,..,..,..,..,..,..,..,..,..,..,..,..,..,..,..,..,..,..,..,..,..,..,..,..,..,..,..,..,..,..,..,..,..,..,..,..,..,..,..,..,..,..,..,..,..,..,..,..,..,..,..,..,..,..,..,..,..,..,..,..,..,..,..,..,..,..,..,..,..,..,..,..,..,..,..,..,..,..,..,..,..,..,..,..,..,..,..,..,..,..,..,..,..,..,..,..,..,..,..,..,..,..,..,..,..,..,..,..,..,..,..
"St. John's, Newfoundland and Labrador, Royal Canadian Mounted Police, rural [10700]",,..,..,..,..,..,..,..,..,..,..,..,..,..,..,..,..,..,..,..,..,..,..,..,..,..,..,..,..,..,..,..,..,..,..,..,..,..,..,..,..,..,..,..,..,..,..,..,..,..,..,..,..,..,..,..,..,..,..,..,..,..,..,..,..,..,..,..,..,..,..,..,..,..,..,..,..,..,..,..,..,..,..,..,..,..,..,..,..,..,..,..,..,..,..,..,..,..,..,..,..,..,..,..,..,..,..,..,..,..,..,..,..,..,..,..,..,..,..,..,..,..,..,..,..,..,..,..,..,..,..,..,..,..,..,..,..,..,..,..,..,..,..,..,..,..,..,..,..,..,..,..,..,..,..,..,..,..,..,..,..,..,..,..,..,..
"St. John's (offshore), Newfoundland and Labrador, Royal Canadian Mounted Police, rural [10701]",,7,9,5,4,1,6,9,5,4,1,6,9,5,4,1,1,1,1,0,0,0,0,0,0,0,5,8,4,4,1,0,0,0,0,0,0,0,0,0,0,0,0,0,0,0,1,0,0,0,0,1,0,0,0,0,0,0,0,0,0,0,0,0,0,0,0,0,0,0,0,0,0,0,0,0,1,0,0,0,0,0,0,0,0,0,0,0,0,0,0,0,0,0,0,0,0,0,0,0,0,0,0,0,0,0,0,0,0,0,0,0,0,0,0,0,0,0,0,0,0,0,0,0,0,0,0,0,0,0,0,0,0,0,0,0,0,0,0,0,0,0,0,0,0,0,0,0,0,0,0,0,0,0,0,0,0,0,0,0,0,0,0,0,0,0
"Baie Verte, Newfoundland and Labrador, Royal Canadian Mounted Police, rural [10750]",,..,..,..,..,..,..,..,..,..,..,..,..,..,..,..,..,..,..,..,..,..,..,..,..,..,..,..,..,..,..,..,..,..,..,..,..,..,..,..,..,..,..,..,..,..,..,..,..,..,..,..,..,..,..,..,..,..,..,..,..,..,..,..,..,..,..,..,..,..,..,..,..,..,..,..,..,..,..,..,..,..,..,..,..,..,..,..,..,..,..,..,..,..,..,..,..,..,..,..,..,..,..,..,..,..,..,..,..,..,..,..,..,..,..,..,..,..,..,..,..,..,..,..,..,..,..,..,..,..,..,..,..,..,..,..,..,..,..,..,..,..,..,..,..,..,..,..,..,..,..,..,..,..,..,..,..,..,..,..,..,..,..,..,..,..
"Rocky Harbour, Newfoundland and Labrador, Royal Canadian Mounted Police, rural [10752]",,..,..,..,..,..,..,..,..,..,..,..,..,..,..,..,..,..,..,..,..,..,..,..,..,..,..,..,..,..,..,..,..,..,..,..,..,..,..,..,..,..,..,..,..,..,..,..,..,..,..,..,..,..,..,..,..,..,..,..,..,..,..,..,..,..,..,..,..,..,..,..,..,..,..,..,..,..,..,..,..,..,..,..,..,..,..,..,..,..,..,..,..,..,..,..,..,..,..,..,..,..,..,..,..,..,..,..,..,..,..,..,..,..,..,..,..,..,..,..,..,..,..,..,..,..,..,..,..,..,..,..,..,..,..,..,..,..,..,..,..,..,..,..,..,..,..,..,..,..,..,..,..,..,..,..,..,..,..,..,..,..,..,..,..,..
"Cartwright, Newfoundland and Labrador, Royal Canadian Mounted Police, rural [10758]",,41,33,36,32,23,41,32,35,31,22,34,23,30,29,22,8,7,6,8,6,18,12,16,19,14,8,4,8,2,2,7,9,5,2,0,7,8,4,2,0,0,1,1,0,0,0,1,1,1,1,0,1,1,0,0,0,0,0,0,0,0,0,1,0,0,0,0,0,0,0,0,0,0,0,0,0,1,0,0,0,0,0,0,0,0,0,0,0,0,0,0,0,0,0,0,0,0,0,0,0,0,0,0,1,1,0,0,0,0,0,0,0,0,0,0,0,0,0,0,1,0,0,0,0,0,0,0,0,0,0,0,0,0,0,0,0,0,0,1,0,0,0,0,0,0,0,0,0,0,0,0,0,0,0,0,0,0,0,0,0,0,0,0,0,0
"Corner Brook, Newfoundland and Labrador, Royal Canadian Mounted Police, rural [10763]",,..,..,..,..,..,..,..,..,..,..,..,..,..,..,..,..,..,..,..,..,..,..,..,..,..,..,..,..,..,..,..,..,..,..,..,..,..,..,..,..,..,..,..,..,..,..,..,..,..,..,..,..,..,..,..,..,..,..,..,..,..,..,..,..,..,..,..,..,..,..,..,..,..,..,..,..,..,..,..,..,..,..,..,..,..,..,..,..,..,..,..,..,..,..,..,..,..,..,..,..,..,..,..,..,..,..,..,..,..,..,..,..,..,..,..,..,..,..,..,..,..,..,..,..,..,..,..,..,..,..,..,..,..,..,..,..,..,..,..,..,..,..,..,..,..,..,..,..,..,..,..,..,..,..,..,..,..,..,..,..,..,..,..,..,..
"Deer Lake District, Newfoundland and Labrador, Royal Canadian Mounted Police, rural [10765] 18",,..,..,..,..,..,..,..,..,..,..,..,..,..,..,..,..,..,..,..,..,..,..,..,..,..,..,..,..,..,..,..,..,..,..,..,..,..,..,..,..,..,..,..,..,..,..,..,..,..,..,..,..,..,..,..,..,..,..,..,..,..,..,..,..,..,..,..,..,..,..,..,..,..,..,..,..,..,..,..,..,..,..,..,..,..,..,..,..,..,..,..,..,..,..,..,..,..,..,..,..,..,..,..,..,..,..,..,..,..,..,..,..,..,..,..,..,..,..,..,..,..,..,..,..,..,..,..,..,..,..,..,..,..,..,..,..,..,..,..,..,..,..,..,..,..,..,..,..,..,..,..,..,..,..,..,..,..,..,..,..,..,..,..,..,..
"Forteau, Newfoundland and Labrador, Royal Canadian Mounted Police, rural [10769]",,43,37,33,50,31,39,34,31,49,31,31,28,25,44,26,13,12,9,16,5,15,10,12,21,15,3,6,4,7,6,8,6,6,5,5,8,6,5,5,5,0,0,1,0,0,4,3,2,1,0,3,3,2,1,0,0,0,0,0,0,0,0,0,0,0,0,1,0,0,0,0,0,0,0,0,2,2,2,1,0,1,0,0,0,0,0,0,0,0,0,0,0,0,0,0,0,0,0,0,0,1,0,0,0,0,0,0,0,0,0,0,0,0,0,0,1,0,0,0,0,0,0,0,0,0,0,0,0,0,0,0,0,0,0,0,0,0,0,0,0,0,0,0,0,0,0,0,0,0,0,0,0,0,0,0,0,0,0,0,0,0,0,0,0,0
"Happy Valley-Goose Bay, Newfoundland and Labrador, Royal Canadian Mounted Police, rural [10771] 18",,2761,3501,3700,3625,4750,2670,3453,3646,3573,4680,2551,3358,3575,3499,4620,444,522,525,559,604,1112,1089,1511,1703,2556,995,1747,1539,1237,1460,119,95,71,74,60,108,82,62,67,53,11,13,9,7,7,91,48,54,52,70,85,46,53,44,68,0,0,0,0,0,11,9,11,11,18,5,5,4,2,3,0,0,0,0,0,59,26,27,25,40,5,4,4,4,7,0,0,0,0,0,5,2,7,2,0,2,0,0,0,0,4,2,1,8,2,0,0,0,0,0,0,0,0,0,0,0,0,0,0,0,0,0,0,0,0,0,0,0,0,0,0,0,0,0,0,0,0,0,2,1,0,0,0,0,0,0,0,0,2,0,0,0,0,0,0,1,0,0,0,0,3,2,1,4,1
"Mary's Harbour, Newfoundland and Labrador, Royal Canadian Mounted Police, rural [10775]",,37,41,54,41,38,33,41,54,41,35,27,34,44,37,26,6,15,29,10,8,15,16,10,23,14,6,3,5,4,4,6,7,10,4,9,6,7,10,4,7,0,0,0,0,2,4,0,0,0,3,2,0,0,0,3,0,0,0,0,0,0,0,0,0,0,0,0,0,0,1,0,0,0,0,0,0,0,0,0,2,0,0,0,0,0,0,0,0,0,0,2,0,0,0,0,0,0,0,0,0,2,0,0,0,0,0,0,0,0,0,0,0,0,0,0,1,0,0,0,0,0,0,0,0,0,1,0,0,0,0,0,0,0,0,0,0,0,0,0,0,0,0,0,0,0,0,0,0,0,0,0,0,0,0,0,0,0,0,0,0,0,0,0,0,0
"Hopedale, Newfoundland and Labrador, Royal Canadian Mounted Police, rural [10777] 18",,368,516,484,489,572,368,516,481,472,565,337,477,441,440,544,95,138,130,112,157,152,219,196,244,268,90,120,115,84,119,31,39,40,32,21,30,39,37,28,20,1,0,3,4,1,0,0,3,17,7,0,0,3,15,7,0,0,0,0,0,0,0,1,0,1,0,0,0,0,0,0,0,0,0,0,0,0,1,14,3,0,0,1,0,2,0,0,0,0,0,0,0,0,1,1,0,0,0,0,0,0,0,0,2,0,0,0,0,0,0,0,0,0,0,0,0,0,0,0,0,0,0,0,0,0,0,0,0,0,0,0,0,0,0,0,0,0,0,0,0,0,0,0,0,0,0,0,0,0,0,0,0,0,0,0,0,0,0,0,0,0,0,0,2,0
"Flowers Cove, Newfoundland and Labrador, Royal Canadian Mounted Police, rural [10783]",,..,..,..,..,..,..,..,..,..,..,..,..,..,..,..,..,..,..,..,..,..,..,..,..,..,..,..,..,..,..,..,..,..,..,..,..,..,..,..,..,..,..,..,..,..,..,..,..,..,..,..,..,..,..,..,..,..,..,..,..,..,..,..,..,..,..,..,..,..,..,..,..,..,..,..,..,..,..,..,..,..,..,..,..,..,..,..,..,..,..,..,..,..,..,..,..,..,..,..,..,..,..,..,..,..,..,..,..,..,..,..,..,..,..,..,..,..,..,..,..,..,..,..,..,..,..,..,..,..,..,..,..,..,..,..,..,..,..,..,..,..,..,..,..,..,..,..,..,..,..,..,..,..,..,..,..,..,..,..,..,..,..,..,..,..
"Nain, Newfoundland and Labrador, Royal Canadian Mounted Police, rural [10785]",,1077,1195,1051,1040,1042,1072,1190,1046,1037,1041,1000,1123,987,968,989,229,275,258,218,225,515,573,536,570,566,256,275,193,180,198,72,67,59,69,52,66,62,54,64,47,6,5,5,5,5,5,5,5,3,1,5,5,5,3,1,0,0,0,0,0,2,0,2,0,1,1,0,0,0,0,0,0,0,0,0,1,1,2,3,0,0,3,0,0,0,0,0,0,0,0,1,1,1,0,0,0,0,0,0,0,0,0,0,0,0,0,0,0,0,0,0,0,0,0,0,0,0,0,0,0,0,0,0,0,0,0,0,0,0,0,0,0,0,0,0,0,0,0,0,0,0,0,0,0,0,0,0,0,0,0,0,0,0,0,0,0,0,0,0,0,0,0,0,0,0
"Northern Peninsula District, Newfoundland and Labrador, Royal Canadian Mounted Police, rural [10787] 18",,..,..,..,..,..,..,..,..,..,..,..,..,..,..,..,..,..,..,..,..,..,..,..,..,..,..,..,..,..,..,..,..,..,..,..,..,..,..,..,..,..,..,..,..,..,..,..,..,..,..,..,..,..,..,..,..,..,..,..,..,..,..,..,..,..,..,..,..,..,..,..,..,..,..,..,..,..,..,..,..,..,..,..,..,..,..,..,..,..,..,..,..,..,..,..,..,..,..,..,..,..,..,..,..,..,..,..,..,..,..,..,..,..,..,..,..,..,..,..,..,..,..,..,..,..,..,..,..,..,..,..,..,..,..,..,..,..,..,..,..,..,..,..,..,..,..,..,..,..,..,..,..,..,..,..,..,..,..,..,..,..,..,..,..,..
"Roddickton, Newfoundland and Labrador, Royal Canadian Mounted Police, rural [10788]",,..,..,..,..,..,..,..,..,..,..,..,..,..,..,..,..,..,..,..,..,..,..,..,..,..,..,..,..,..,..,..,..,..,..,..,..,..,..,..,..,..,..,..,..,..,..,..,..,..,..,..,..,..,..,..,..,..,..,..,..,..,..,..,..,..,..,..,..,..,..,..,..,..,..,..,..,..,..,..,..,..,..,..,..,..,..,..,..,..,..,..,..,..,..,..,..,..,..,..,..,..,..,..,..,..,..,..,..,..,..,..,..,..,..,..,..,..,..,..,..,..,..,..,..,..,..,..,..,..,..,..,..,..,..,..,..,..,..,..,..,..,..,..,..,..,..,..,..,..,..,..,..,..,..,..,..,..,..,..,..,..,..,..,..,..
"St. Anthony, Newfoundland and Labrador, Royal Canadian Mounted Police, rural [10789]",,..,..,..,..,..,..,..,..,..,..,..,..,..,..,..,..,..,..,..,..,..,..,..,..,..,..,..,..,..,..,..,..,..,..,..,..,..,..,..,..,..,..,..,..,..,..,..,..,..,..,..,..,..,..,..,..,..,..,..,..,..,..,..,..,..,..,..,..,..,..,..,..,..,..,..,..,..,..,..,..,..,..,..,..,..,..,..,..,..,..,..,..,..,..,..,..,..,..,..,..,..,..,..,..,..,..,..,..,..,..,..,..,..,..,..,..,..,..,..,..,..,..,..,..,..,..,..,..,..,..,..,..,..,..,..,..,..,..,..,..,..,..,..,..,..,..,..,..,..,..,..,..,..,..,..,..,..,..,..,..,..,..,..,..,..
"Barachois Brook, Newfoundland and Labrador, Royal Canadian Mounted Police, rural [10790]",,..,..,..,..,..,..,..,..,..,..,..,..,..,..,..,..,..,..,..,..,..,..,..,..,..,..,..,..,..,..,..,..,..,..,..,..,..,..,..,..,..,..,..,..,..,..,..,..,..,..,..,..,..,..,..,..,..,..,..,..,..,..,..,..,..,..,..,..,..,..,..,..,..,..,..,..,..,..,..,..,..,..,..,..,..,..,..,..,..,..,..,..,..,..,..,..,..,..,..,..,..,..,..,..,..,..,..,..,..,..,..,..,..,..,..,..,..,..,..,..,..,..,..,..,..,..,..,..,..,..,..,..,..,..,..,..,..,..,..,..,..,..,..,..,..,..,..,..,..,..,..,..,..,..,..,..,..,..,..,..,..,..,..,..,..
"Springdale, Newfoundland and Labrador, Royal Canadian Mounted Police, rural [10791]",,..,..,..,..,..,..,..,..,..,..,..,..,..,..,..,..,..,..,..,..,..,..,..,..,..,..,..,..,..,..,..,..,..,..,..,..,..,..,..,..,..,..,..,..,..,..,..,..,..,..,..,..,..,..,..,..,..,..,..,..,..,..,..,..,..,..,..,..,..,..,..,..,..,..,..,..,..,..,..,..,..,..,..,..,..,..,..,..,..,..,..,..,..,..,..,..,..,..,..,..,..,..,..,..,..,..,..,..,..,..,..,..,..,..,..,..,..,..,..,..,..,..,..,..,..,..,..,..,..,..,..,..,..,..,..,..,..,..,..,..,..,..,..,..,..,..,..,..,..,..,..,..,..,..,..,..,..,..,..,..,..,..,..,..,..
"Bay St. George District, Newfoundland and Labrador, Royal Canadian Mounted Police, rural [10792] 18",,..,..,..,..,..,..,..,..,..,..,..,..,..,..,..,..,..,..,..,..,..,..,..,..,..,..,..,..,..,..,..,..,..,..,..,..,..,..,..,..,..,..,..,..,..,..,..,..,..,..,..,..,..,..,..,..,..,..,..,..,..,..,..,..,..,..,..,..,..,..,..,..,..,..,..,..,..,..,..,..,..,..,..,..,..,..,..,..,..,..,..,..,..,..,..,..,..,..,..,..,..,..,..,..,..,..,..,..,..,..,..,..,..,..,..,..,..,..,..,..,..,..,..,..,..,..,..,..,..,..,..,..,..,..,..,..,..,..,..,..,..,..,..,..,..,..,..,..,..,..,..,..,..,..,..,..,..,..,..,..,..,..,..,..,..
"Bonavista, Newfoundland and Labrador, Royal Canadian Mounted Police, rural [10802]",,..,..,..,..,..,..,..,..,..,..,..,..,..,..,..,..,..,..,..,..,..,..,..,..,..,..,..,..,..,..,..,..,..,..,..,..,..,..,..,..,..,..,..,..,..,..,..,..,..,..,..,..,..,..,..,..,..,..,..,..,..,..,..,..,..,..,..,..,..,..,..,..,..,..,..,..,..,..,..,..,..,..,..,..,..,..,..,..,..,..,..,..,..,..,..,..,..,..,..,..,..,..,..,..,..,..,..,..,..,..,..,..,..,..,..,..,..,..,..,..,..,..,..,..,..,..,..,..,..,..,..,..,..,..,..,..,..,..,..,..,..,..,..,..,..,..,..,..,..,..,..,..,..,..,..,..,..,..,..,..,..,..,..,..,..
"Botwood, Newfoundland and Labrador, Royal Canadian Mounted Police, rural [10803]",,..,..,..,..,..,..,..,..,..,..,..,..,..,..,..,..,..,..,..,..,..,..,..,..,..,..,..,..,..,..,..,..,..,..,..,..,..,..,..,..,..,..,..,..,..,..,..,..,..,..,..,..,..,..,..,..,..,..,..,..,..,..,..,..,..,..,..,..,..,..,..,..,..,..,..,..,..,..,..,..,..,..,..,..,..,..,..,..,..,..,..,..,..,..,..,..,..,..,..,..,..,..,..,..,..,..,..,..,..,..,..,..,..,..,..,..,..,..,..,..,..,..,..,..,..,..,..,..,..,..,..,..,..,..,..,..,..,..,..,..,..,..,..,..,..,..,..,..,..,..,..,..,..,..,..,..,..,..,..,..,..,..,..,..,..
"Bay Despoir, Newfoundland and Labrador, Royal Canadian Mounted Police, rural [10805]",,..,..,..,..,..,..,..,..,..,..,..,..,..,..,..,..,..,..,..,..,..,..,..,..,..,..,..,..,..,..,..,..,..,..,..,..,..,..,..,..,..,..,..,..,..,..,..,..,..,..,..,..,..,..,..,..,..,..,..,..,..,..,..,..,..,..,..,..,..,..,..,..,..,..,..,..,..,..,..,..,..,..,..,..,..,..,..,..,..,..,..,..,..,..,..,..,..,..,..,..,..,..,..,..,..,..,..,..,..,..,..,..,..,..,..,..,..,..,..,..,..,..,..,..,..,..,..,..,..,..,..,..,..,..,..,..,..,..,..,..,..,..,..,..,..,..,..,..,..,..,..,..,..,..,..,..,..,..,..,..,..,..,..,..,..
"Clarenville-Bonavista District, Newfoundland and Labrador, Royal Canadian Mounted Police, rural [10810] 18",,..,..,..,..,..,..,..,..,..,..,..,..,..,..,..,..,..,..,..,..,..,..,..,..,..,..,..,..,..,..,..,..,..,..,..,..,..,..,..,..,..,..,..,..,..,..,..,..,..,..,..,..,..,..,..,..,..,..,..,..,..,..,..,..,..,..,..,..,..,..,..,..,..,..,..,..,..,..,..,..,..,..,..,..,..,..,..,..,..,..,..,..,..,..,..,..,..,..,..,..,..,..,..,..,..,..,..,..,..,..,..,..,..,..,..,..,..,..,..,..,..,..,..,..,..,..,..,..,..,..,..,..,..,..,..,..,..,..,..,..,..,..,..,..,..,..,..,..,..,..,..,..,..,..,..,..,..,..,..,..,..,..,..,..,..
"Gander-Lewisporte District, Newfoundland and Labrador, Royal Canadian Mounted Police, rural [10816] 18",,..,..,..,..,..,..,..,..,..,..,..,..,..,..,..,..,..,..,..,..,..,..,..,..,..,..,..,..,..,..,..,..,..,..,..,..,..,..,..,..,..,..,..,..,..,..,..,..,..,..,..,..,..,..,..,..,..,..,..,..,..,..,..,..,..,..,..,..,..,..,..,..,..,..,..,..,..,..,..,..,..,..,..,..,..,..,..,..,..,..,..,..,..,..,..,..,..,..,..,..,..,..,..,..,..,..,..,..,..,..,..,..,..,..,..,..,..,..,..,..,..,..,..,..,..,..,..,..,..,..,..,..,..,..,..,..,..,..,..,..,..,..,..,..,..,..,..,..,..,..,..,..,..,..,..,..,..,..,..,..,..,..,..,..,..
"Grand Bank, Newfoundland and Labrador, Royal Canadian Mounted Police, rural [10818]",,..,..,..,..,..,..,..,..,..,..,..,..,..,..,..,..,..,..,..,..,..,..,..,..,..,..,..,..,..,..,..,..,..,..,..,..,..,..,..,..,..,..,..,..,..,..,..,..,..,..,..,..,..,..,..,..,..,..,..,..,..,..,..,..,..,..,..,..,..,..,..,..,..,..,..,..,..,..,..,..,..,..,..,..,..,..,..,..,..,..,..,..,..,..,..,..,..,..,..,..,..,..,..,..,..,..,..,..,..,..,..,..,..,..,..,..,..,..,..,..,..,..,..,..,..,..,..,..,..,..,..,..,..,..,..,..,..,..,..,..,..,..,..,..,..,..,..,..,..,..,..,..,..,..,..,..,..,..,..,..,..,..,..,..,..
"Avalon East District, Newfoundland and Labrador, Royal Canadian Mounted Police, rural [10820] 18",,..,..,..,..,..,..,..,..,..,..,..,..,..,..,..,..,..,..,..,..,..,..,..,..,..,..,..,..,..,..,..,..,..,..,..,..,..,..,..,..,..,..,..,..,..,..,..,..,..,..,..,..,..,..,..,..,..,..,..,..,..,..,..,..,..,..,..,..,..,..,..,..,..,..,..,..,..,..,..,..,..,..,..,..,..,..,..,..,..,..,..,..,..,..,..,..,..,..,..,..,..,..,..,..,..,..,..,..,..,..,..,..,..,..,..,..,..,..,..,..,..,..,..,..,..,..,..,..,..,..,..,..,..,..,..,..,..,..,..,..,..,..,..,..,..,..,..,..,..,..,..,..,..,..,..,..,..,..,..,..,..,..,..,..,..
"Grand Falls-Windsor District, Newfoundland and Labrador, Royal Canadian Mounted Police, rural [10821] 18",,..,..,..,..,..,..,..,..,..,..,..,..,..,..,..,..,..,..,..,..,..,..,..,..,..,..,..,..,..,..,..,..,..,..,..,..,..,..,..,..,..,..,..,..,..,..,..,..,..,..,..,..,..,..,..,..,..,..,..,..,..,..,..,..,..,..,..,..,..,..,..,..,..,..,..,..,..,..,..,..,..,..,..,..,..,..,..,..,..,..,..,..,..,..,..,..,..,..,..,..,..,..,..,..,..,..,..,..,..,..,..,..,..,..,..,..,..,..,..,..,..,..,..,..,..,..,..,..,..,..,..,..,..,..,..,..,..,..,..,..,..,..,..,..,..,..,..,..,..,..,..,..,..,..,..,..,..,..,..,..,..,..,..,..,..
"Harbour Breton, Newfoundland and Labrador, Royal Canadian Mounted Police, rural [10822]",,..,..,..,..,..,..,..,..,..,..,..,..,..,..,..,..,..,..,..,..,..,..,..,..,..,..,..,..,..,..,..,..,..,..,..,..,..,..,..,..,..,..,..,..,..,..,..,..,..,..,..,..,..,..,..,..,..,..,..,..,..,..,..,..,..,..,..,..,..,..,..,..,..,..,..,..,..,..,..,..,..,..,..,..,..,..,..,..,..,..,..,..,..,..,..,..,..,..,..,..,..,..,..,..,..,..,..,..,..,..,..,..,..,..,..,..,..,..,..,..,..,..,..,..,..,..,..,..,..,..,..,..,..,..,..,..,..,..,..,..,..,..,..,..,..,..,..,..,..,..,..,..,..,..,..,..,..,..,..,..,..,..,..,..,..
"Harbour Grace, Newfoundland and Labrador, Royal Canadian Mounted Police, rural [10823]",,1446,1586,1562,1702,1911,1373,1494,1510,1645,1835,1260,1368,1406,1527,1655,382,427,369,392,360,636,685,786,875,998,242,256,251,260,297,113,126,104,118,180,100,103,86,98,111,13,23,18,20,69,73,92,52,57,76,67,78,46,49,65,0,0,0,0,0,7,4,7,9,12,2,6,4,3,7,0,0,0,0,0,36,40,21,25,33,19,24,12,12,11,0,0,0,0,0,3,4,2,0,2,1,0,1,0,0,5,14,5,8,11,0,0,0,0,0,0,0,0,0,0,0,0,0,0,0,0,0,0,0,0,0,0,0,0,0,0,0,0,0,0,1,6,0,2,7,0,0,0,0,0,1,3,1,1,3,0,0,0,0,0,0,2,0,0,0,3,3,4,5,1
"Placentia-Whitbourne District, Newfoundland and Labrador, Royal Canadian Mounted Police, rural [10830] 18",,..,..,..,..,..,..,..,..,..,..,..,..,..,..,..,..,..,..,..,..,..,..,..,..,..,..,..,..,..,..,..,..,..,..,..,..,..,..,..,..,..,..,..,..,..,..,..,..,..,..,..,..,..,..,..,..,..,..,..,..,..,..,..,..,..,..,..,..,..,..,..,..,..,..,..,..,..,..,..,..,..,..,..,..,..,..,..,..,..,..,..,..,..,..,..,..,..,..,..,..,..,..,..,..,..,..,..,..,..,..,..,..,..,..,..,..,..,..,..,..,..,..,..,..,..,..,..,..,..,..,..,..,..,..,..,..,..,..,..,..,..,..,..,..,..,..,..,..,..,..,..,..,..,..,..,..,..,..,..,..,..,..,..,..,..
"St. Lawrence, Newfoundland and Labrador, Royal Canadian Mounted Police, rural [10838]",,..,..,..,..,..,..,..,..,..,..,..,..,..,..,..,..,..,..,..,..,..,..,..,..,..,..,..,..,..,..,..,..,..,..,..,..,..,..,..,..,..,..,..,..,..,..,..,..,..,..,..,..,..,..,..,..,..,..,..,..,..,..,..,..,..,..,..,..,..,..,..,..,..,..,..,..,..,..,..,..,..,..,..,..,..,..,..,..,..,..,..,..,..,..,..,..,..,..,..,..,..,..,..,..,..,..,..,..,..,..,..,..,..,..,..,..,..,..,..,..,..,..,..,..,..,..,..,..,..,..,..,..,..,..,..,..,..,..,..,..,..,..,..,..,..,..,..,..,..,..,..,..,..,..,..,..,..,..,..,..,..,..,..,..,..
"Whitbourne, Newfoundland and Labrador, Royal Canadian Mounted Police, rural [10846]",,..,..,..,..,..,..,..,..,..,..,..,..,..,..,..,..,..,..,..,..,..,..,..,..,..,..,..,..,..,..,..,..,..,..,..,..,..,..,..,..,..,..,..,..,..,..,..,..,..,..,..,..,..,..,..,..,..,..,..,..,..,..,..,..,..,..,..,..,..,..,..,..,..,..,..,..,..,..,..,..,..,..,..,..,..,..,..,..,..,..,..,..,..,..,..,..,..,..,..,..,..,..,..,..,..,..,..,..,..,..,..,..,..,..,..,..,..,..,..,..,..,..,..,..,..,..,..,..,..,..,..,..,..,..,..,..,..,..,..,..,..,..,..,..,..,..,..,..,..,..,..,..,..,..,..,..,..,..,..,..,..,..,..,..,..
"Bay Roberts, Newfoundland and Labrador, Royal Canadian Mounted Police, rural [10848]",,..,..,..,..,..,..,..,..,..,..,..,..,..,..,..,..,..,..,..,..,..,..,..,..,..,..,..,..,..,..,..,..,..,..,..,..,..,..,..,..,..,..,..,..,..,..,..,..,..,..,..,..,..,..,..,..,..,..,..,..,..,..,..,..,..,..,..,..,..,..,..,..,..,..,..,..,..,..,..,..,..,..,..,..,..,..,..,..,..,..,..,..,..,..,..,..,..,..,..,..,..,..,..,..,..,..,..,..,..,..,..,..,..,..,..,..,..,..,..,..,..,..,..,..,..,..,..,..,..,..,..,..,..,..,..,..,..,..,..,..,..,..,..,..,..,..,..,..,..,..,..,..,..,..,..,..,..,..,..,..,..,..,..,..,..
"Piccadilly, Newfoundland and Labrador, Royal Canadian Mounted Police, rural [10849]",,..,..,..,..,..,..,..,..,..,..,..,..,..,..,..,..,..,..,..,..,..,..,..,..,..,..,..,..,..,..,..,..,..,..,..,..,..,..,..,..,..,..,..,..,..,..,..,..,..,..,..,..,..,..,..,..,..,..,..,..,..,..,..,..,..,..,..,..,..,..,..,..,..,..,..,..,..,..,..,..,..,..,..,..,..,..,..,..,..,..,..,..,..,..,..,..,..,..,..,..,..,..,..,..,..,..,..,..,..,..,..,..,..,..,..,..,..,..,..,..,..,..,..,..,..,..,..,..,..,..,..,..,..,..,..,..,..,..,..,..,..,..,..,..,..,..,..,..,..,..,..,..,..,..,..,..,..,..,..,..,..,..,..,..,..
"St. John's, Newfoundland and Labrador, Royal Canadian Mounted Police, rural [10851]",,..,..,..,..,..,..,..,..,..,..,..,..,..,..,..,..,..,..,..,..,..,..,..,..,..,..,..,..,..,..,..,..,..,..,..,..,..,..,..,..,..,..,..,..,..,..,..,..,..,..,..,..,..,..,..,..,..,..,..,..,..,..,..,..,..,..,..,..,..,..,..,..,..,..,..,..,..,..,..,..,..,..,..,..,..,..,..,..,..,..,..,..,..,..,..,..,..,..,..,..,..,..,..,..,..,..,..,..,..,..,..,..,..,..,..,..,..,..,..,..,..,..,..,..,..,..,..,..,..,..,..,..,..,..,..,..,..,..,..,..,..,..,..,..,..,..,..,..,..,..,..,..,..,..,..,..,..,..,..,..,..,..,..,..,..
"Marystown, Newfoundland and Labrador, Royal Canadian Mounted Police, rural [10859] 18",,1045,1134,1118,1270,1471,928,1019,1041,1189,1365,788,889,962,1126,1236,254,286,323,342,406,360,428,432,555,568,174,175,207,229,262,140,130,79,63,129,112,97,57,42,104,28,33,22,21,25,117,115,77,81,106,84,92,69,66,91,0,0,0,0,0,2,6,7,6,11,1,3,2,3,2,0,0,0,0,0,48,41,34,35,50,25,38,22,19,28,0,0,0,0,0,8,4,4,3,0,21,0,0,0,0,12,23,8,15,15,0,0,0,0,0,0,0,0,0,0,0,0,0,0,0,0,0,0,0,0,4,2,2,6,3,0,0,0,0,0,4,20,4,7,11,0,0,0,0,0,1,0,0,0,0,0,0,0,0,0,0,0,0,0,0,3,1,2,2,1
"Grand Bank, Newfoundland and Labrador, Royal Canadian Mounted Police, rural [10860]",,..,..,..,..,..,..,..,..,..,..,..,..,..,..,..,..,..,..,..,..,..,..,..,..,..,..,..,..,..,..,..,..,..,..,..,..,..,..,..,..,..,..,..,..,..,..,..,..,..,..,..,..,..,..,..,..,..,..,..,..,..,..,..,..,..,..,..,..,..,..,..,..,..,..,..,..,..,..,..,..,..,..,..,..,..,..,..,..,..,..,..,..,..,..,..,..,..,..,..,..,..,..,..,..,..,..,..,..,..,..,..,..,..,..,..,..,..,..,..,..,..,..,..,..,..,..,..,..,..,..,..,..,..,..,..,..,..,..,..,..,..,..,..,..,..,..,..,..,..,..,..,..,..,..,..,..,..,..,..,..,..,..,..,..,..
"St. John's (Division Headquarters 1), Newfoundland and Labrador, Royal Canadian Mounted Police [10959]",,0,0,0,0,0,0,0,0,0,0,0,0,0,0,0,0,0,0,0,0,0,0,0,0,0,0,0,0,0,0,0,0,0,0,0,0,0,0,0,0,0,0,0,0,0,0,0,0,0,0,0,0,0,0,0,0,0,0,0,0,0,0,0,0,0,0,0,0,0,0,0,0,0,0,0,0,0,0,0,0,0,0,0,0,0,0,0,0,0,0,0,0,0,0,0,0,0,0,0,0,0,0,0,0,0,0,0,0,0,0,0,0,0,0,0,0,0,0,0,0,0,0,0,0,0,0,0,0,0,0,0,0,0,0,0,0,0,0,0,0,0,0,0,0,0,0,0,0,0,0,0,0,0,0,0,0,0,0,0,0,0,0,0,0,0
"St. John's (Division Headquarters 2), Newfoundland and Labrador, Royal Canadian Mounted Police [10970]",,0,0,0,0,0,0,0,0,0,0,0,0,0,0,0,0,0,0,0,0,0,0,0,0,0,0,0,0,0,0,0,0,0,0,0,0,0,0,0,0,0,0,0,0,0,0,0,0,0,0,0,0,0,0,0,0,0,0,0,0,0,0,0,0,0,0,0,0,0,0,0,0,0,0,0,0,0,0,0,0,0,0,0,0,0,0,0,0,0,0,0,0,0,0,0,0,0,0,0,0,0,0,0,0,0,0,0,0,0,0,0,0,0,0,0,0,0,0,0,0,0,0,0,0,0,0,0,0,0,0,0,0,0,0,0,0,0,0,0,0,0,0,0,0,0,0,0,0,0,0,0,0,0,0,0,0,0,0,0,0,0,0,0,0,0
Prince Edward Island [11] 10,,8896,8767,9909,12156,12158,8653,8587,9704,11946,11908,7465,7490,8599,10720,10667,2029,2048,2311,2834,2703,4139,4220,4822,5827,5641,1297,1222,1466,2059,2323,1188,1097,1105,1226,1241,867,814,790,900,874,321,283,315,326,367,243,180,205,210,250,185,139,147,164,186,0,0,0,0,0,18,3,14,16,19,46,37,31,21,38,0,0,0,0,0,37,34,51,54,51,78,50,45,63,72,0,0,0,0,1,6,15,6,10,5,3,0,1,4,1,55,41,57,42,63,0,0,0,0,0,0,0,0,0,0,2,0,8,0,5,1,0,0,0,0,0,0,0,1,0,0,0,0,0,0,5,2,2,9,26,0,1,1,1,0,6,7,12,13,9,0,0,0,0,0,9,8,1,0,0,32,23,33,18,23
"Cornwall, Prince Edward Island, Royal Canadian Mounted Police, municipal [11001]",,279,282,311,307,413,278,279,307,300,406,243,241,274,259,367,55,58,67,57,103,153,145,155,142,191,35,38,52,60,73,35,38,33,41,39,32,37,29,35,34,3,1,4,6,5,1,3,4,7,7,1,3,1,6,6,0,0,0,0,0,0,0,0,1,1,0,0,0,0,2,0,0,0,0,0,0,1,0,2,0,1,2,0,2,3,0,0,0,0,0,0,0,1,1,0,0,0,0,0,0,0,0,3,1,1,0,0,0,0,0,0,0,0,0,0,0,0,0,0,0,0,0,0,0,0,0,0,0,0,0,0,0,0,0,0,0,0,0,0,1,0,0,0,0,0,0,0,0,0,0,0,0,0,0,0,0,0,1,0,0,0,0,2,1,0
"Charlottetown, Prince Edward Island, municipal [11002] 10",,2849,2740,3464,4243,4134,2825,2718,3436,4208,4104,2535,2432,3111,3806,3730,563,574,768,991,937,1555,1483,1825,2110,1950,417,375,518,705,843,290,286,325,402,374,257,269,280,332,325,33,17,45,70,49,24,22,28,35,30,20,21,21,31,28,0,0,0,0,0,1,0,3,1,1,7,4,4,3,10,0,0,0,0,0,5,5,7,13,9,6,10,6,14,8,0,0,0,0,0,1,2,1,0,0,1,0,0,0,0,3,1,7,4,2,0,0,0,0,0,0,0,0,0,0,0,0,4,0,0,0,0,0,0,0,0,0,0,1,0,0,0,0,0,0,1,0,0,0,0,0,0,0,0,0,0,0,1,1,0,0,0,0,0,0,0,0,0,0,0,2,1,2,2,2
"Borden, Prince Edward Island, municipal [11003]",,..,..,..,..,..,..,..,..,..,..,..,..,..,..,..,..,..,..,..,..,..,..,..,..,..,..,..,..,..,..,..,..,..,..,..,..,..,..,..,..,..,..,..,..,..,..,..,..,..,..,..,..,..,..,..,..,..,..,..,..,..,..,..,..,..,..,..,..,..,..,..,..,..,..,..,..,..,..,..,..,..,..,..,..,..,..,..,..,..,..,..,..,..,..,..,..,..,..,..,..,..,..,..,..,..,..,..,..,..,..,..,..,..,..,..,..,..,..,..,..,..,..,..,..,..,..,..,..,..,..,..,..,..,..,..,..,..,..,..,..,..,..,..,..,..,..,..,..,..,..,..,..,..,..,..,..,..,..,..,..,..,..,..,..,..
"Summerside, Prince Edward Island, municipal [11007]",,1564,1504,1549,1799,2080,1491,1458,1501,1753,2005,1293,1280,1343,1607,1872,363,323,370,401,453,647,728,746,855,885,283,229,227,351,534,198,178,158,146,133,66,74,65,63,66,132,104,93,83,67,73,46,48,46,75,57,35,37,37,54,0,0,0,0,0,9,2,2,3,3,21,21,13,9,15,0,0,0,0,0,4,5,7,9,11,20,3,14,16,21,0,0,0,0,0,3,4,1,0,4,0,0,0,0,0,16,11,11,9,21,0,0,0,0,0,0,0,0,0,0,0,0,0,0,0,0,0,0,0,0,0,0,0,0,0,0,0,0,0,0,1,0,1,5,15,0,0,0,0,0,1,2,1,0,0,0,0,0,0,0,1,0,0,0,0,13,9,9,4,6
"Kensington, Prince Edward Island, municipal [11009]",,88,84,109,139,111,87,84,108,139,105,68,64,83,124,91,19,18,15,35,16,38,33,58,69,59,11,13,10,20,16,19,20,25,15,14,13,9,14,4,10,6,11,11,11,4,1,0,1,0,6,0,0,1,0,6,0,0,0,0,0,0,0,0,0,0,0,0,1,0,0,0,0,0,0,0,0,0,0,0,1,0,0,0,0,5,0,0,0,0,0,0,0,0,0,0,0,0,0,0,0,1,0,0,0,0,0,0,0,0,0,0,0,0,0,0,0,0,0,0,0,0,0,0,0,0,0,0,0,0,0,0,0,0,0,0,1,0,0,0,0,0,0,0,0,0,0,0,0,0,0,0,0,0,0,0,0,0,0,0,0,0,0,0,0,0
"Borden-Carleton, Prince Edward Island, municipal [11013]",,..,..,..,..,..,..,..,..,..,..,..,..,..,..,..,..,..,..,..,..,..,..,..,..,..,..,..,..,..,..,..,..,..,..,..,..,..,..,..,..,..,..,..,..,..,..,..,..,..,..,..,..,..,..,..,..,..,..,..,..,..,..,..,..,..,..,..,..,..,..,..,..,..,..,..,..,..,..,..,..,..,..,..,..,..,..,..,..,..,..,..,..,..,..,..,..,..,..,..,..,..,..,..,..,..,..,..,..,..,..,..,..,..,..,..,..,..,..,..,..,..,..,..,..,..,..,..,..,..,..,..,..,..,..,..,..,..,..,..,..,..,..,..,..,..,..,..,..,..,..,..,..,..,..,..,..,..,..,..,..,..,..,..,..,..
"Alberton, Prince Edward Island, Royal Canadian Mounted Police, rural [11700]",,524,591,614,695,743,512,582,598,689,731,397,463,478,575,591,120,145,155,181,144,216,254,248,290,356,61,64,75,104,91,115,119,120,114,140,50,57,50,56,46,65,62,70,58,94,12,9,16,6,12,8,6,12,5,9,0,0,0,0,0,0,0,1,2,0,5,1,3,0,1,0,0,0,0,0,0,1,2,0,6,2,3,5,2,2,0,0,0,0,0,1,1,1,1,0,1,0,0,0,0,3,3,4,1,3,0,0,0,0,0,0,0,0,0,0,0,0,0,0,0,0,0,0,0,0,0,0,0,0,0,0,0,0,0,0,0,0,0,0,1,0,0,0,0,0,1,1,1,0,2,0,0,0,0,0,2,1,0,0,0,0,1,3,1,0
"Charlottetown, Prince Edward Island, Royal Canadian Mounted Police, rural [11702]",,995,991,1047,1408,1205,973,965,1013,1386,1168,812,836,895,1235,1004,245,239,281,359,295,423,449,443,614,493,144,148,171,262,216,161,129,118,151,164,146,109,105,126,130,15,20,13,25,34,22,26,34,22,37,18,19,27,20,30,0,0,0,0,0,3,0,2,2,0,4,3,4,1,4,0,0,0,0,0,4,3,13,6,14,6,11,6,10,11,0,0,0,0,0,1,2,2,1,1,0,0,0,0,0,4,7,7,2,7,0,0,0,0,0,0,0,0,0,0,0,0,2,0,0,0,0,0,0,0,0,0,0,0,0,0,0,0,0,0,1,0,0,0,2,0,0,0,0,0,1,0,1,1,3,0,0,0,0,0,0,3,0,0,0,2,4,4,1,2
"Montague, Prince Edward Island, Royal Canadian Mounted Police, rural [11703]",,570,588,573,678,779,548,575,562,664,765,463,499,480,595,670,162,174,147,158,187,225,253,258,329,362,76,72,75,108,121,85,76,82,69,95,74,65,69,61,70,11,11,13,8,25,22,13,11,14,14,15,8,6,8,8,0,0,0,0,0,1,0,0,3,3,2,2,1,0,0,0,0,0,0,0,1,2,4,5,2,11,4,1,0,2,0,0,0,0,1,0,0,0,0,0,0,0,1,3,1,7,5,4,3,5,0,0,0,0,0,0,0,0,0,0,0,0,0,0,3,0,0,0,0,0,0,0,0,0,0,0,0,0,0,0,0,0,0,0,0,0,0,1,1,0,2,2,3,1,1,0,0,0,0,0,3,1,0,0,0,2,2,0,1,1
"Souris, Prince Edward Island, Royal Canadian Mounted Police, rural [11705]",,398,378,403,501,514,383,364,392,491,508,306,314,353,439,467,104,99,91,124,126,131,157,178,217,265,71,58,84,98,76,77,50,39,52,41,65,38,37,50,34,12,12,2,2,7,15,14,11,10,6,13,11,10,7,5,0,0,0,0,0,2,0,0,0,2,1,0,1,0,0,0,0,0,0,0,4,4,8,3,1,6,6,1,4,2,0,0,0,0,0,0,1,0,0,0,0,0,0,1,0,2,3,1,2,1,0,0,0,0,0,0,0,0,0,0,0,0,0,0,0,0,0,0,0,0,0,0,0,0,0,0,0,0,0,0,0,1,0,1,1,0,0,0,0,0,0,0,0,1,0,0,0,0,0,0,1,1,0,0,0,1,1,1,0,0
"Summerside, Prince Edward Island, Royal Canadian Mounted Police, rural [11706]",,943,892,990,1294,1130,892,859,952,1253,1086,750,743,827,1099,938,243,242,228,291,246,404,377,465,648,544,103,124,134,160,148,142,116,125,154,148,104,80,67,100,78,38,36,58,54,70,51,33,38,41,44,39,26,24,29,30,0,0,0,0,0,2,1,3,2,5,6,5,3,5,5,0,0,0,0,0,16,10,8,8,6,15,7,10,9,14,0,0,0,0,0,0,3,0,5,0,0,0,0,0,0,12,7,14,12,14,0,0,0,0,0,0,0,0,0,0,1,0,0,0,0,0,0,0,0,0,0,0,0,0,0,0,0,0,0,0,1,1,1,3,3,0,1,0,0,0,0,1,4,5,2,0,0,0,0,0,1,2,0,0,0,9,2,9,4,9
"Charlottetown, Prince Edward Island, Royal Canadian Mounted Police, rural [11707]",,..,..,..,..,..,..,..,..,..,..,..,..,..,..,..,..,..,..,..,..,..,..,..,..,..,..,..,..,..,..,..,..,..,..,..,..,..,..,..,..,..,..,..,..,..,..,..,..,..,..,..,..,..,..,..,..,..,..,..,..,..,..,..,..,..,..,..,..,..,..,..,..,..,..,..,..,..,..,..,..,..,..,..,..,..,..,..,..,..,..,..,..,..,..,..,..,..,..,..,..,..,..,..,..,..,..,..,..,..,..,..,..,..,..,..,..,..,..,..,..,..,..,..,..,..,..,..,..,..,..,..,..,..,..,..,..,..,..,..,..,..,..,..,..,..,..,..,..,..,..,..,..,..,..,..,..,..,..,..,..,..,..,..,..,..
"Montague, Prince Edward Island, Royal Canadian Mounted Police, municipal [11709]",,270,265,295,371,325,258,261,290,356,317,235,228,261,332,297,83,76,87,79,53,111,99,116,174,180,41,53,58,79,64,23,33,29,24,20,20,30,27,21,13,3,3,2,3,7,12,4,5,15,8,8,4,3,12,6,0,0,0,0,0,0,0,0,1,3,0,0,0,1,1,0,0,0,0,0,1,1,1,5,1,7,3,2,3,1,0,0,0,0,0,0,0,0,2,0,0,0,0,0,0,4,0,2,3,2,0,0,0,0,0,0,0,0,0,0,0,0,0,0,0,1,0,0,0,0,0,0,0,0,0,0,0,0,0,0,0,0,0,0,0,0,0,0,0,0,0,0,1,2,0,0,0,0,0,0,1,0,0,0,0,2,0,1,1,2
"Cavendish, Prince Edward Island, Royal Canadian Mounted Police, rural [11713]",,56,46,88,77,143,54,45,86,76,140,48,38,74,62,115,11,8,19,13,44,31,17,44,35,40,6,13,11,14,31,6,7,12,14,25,6,7,11,13,23,0,0,1,1,2,2,1,2,1,3,2,1,2,1,1,0,0,0,0,0,0,0,2,1,0,0,1,0,0,0,0,0,0,0,0,1,0,0,0,0,1,0,0,0,1,0,0,0,0,0,0,0,0,0,0,0,0,0,0,0,0,0,0,0,2,0,0,0,0,0,0,0,0,0,0,0,0,0,0,0,0,0,0,0,0,0,0,0,0,0,0,0,0,0,0,0,0,0,0,2,0,0,0,0,0,0,0,0,0,0,0,0,0,0,0,0,0,0,0,0,0,0,0,0,0
"Stratford, Prince Edward Island, Royal Canadian Mounted Police, municipal [11714]",,356,392,464,643,576,349,383,459,630,570,312,340,420,587,522,60,88,83,145,98,203,217,286,344,314,49,35,51,98,110,37,43,39,43,48,34,38,36,39,45,3,5,3,4,3,7,9,5,13,6,4,5,3,8,3,0,0,0,0,0,0,0,1,0,1,0,0,1,2,0,0,0,0,0,0,1,2,1,3,0,3,1,0,3,2,0,0,0,0,0,0,2,0,0,0,1,0,0,0,0,2,4,2,5,3,0,0,0,0,0,0,0,0,0,0,0,0,0,0,0,0,0,0,0,0,0,0,0,0,0,0,0,0,0,0,0,0,0,0,1,0,0,0,0,0,1,1,0,2,1,0,0,0,0,0,0,0,0,0,0,1,3,2,3,1
"Charlottetown (Headquarters), Prince Edward Island, Royal Canadian Mounted Police [11715]",,4,14,2,1,5,3,14,0,1,3,3,12,0,0,3,1,4,0,0,1,2,8,0,0,2,0,0,0,0,0,0,2,0,1,0,0,1,0,0,0,0,1,0,1,0,1,0,2,0,2,0,0,0,0,0,0,0,0,0,0,0,0,0,0,0,0,0,0,0,0,0,0,0,0,0,0,0,0,0,0,0,0,0,0,0,0,0,0,0,0,0,0,0,0,0,0,0,0,0,0,1,0,2,0,2,0,0,0,0,0,0,0,0,0,0,1,0,2,0,2,0,0,0,0,0,0,0,0,0,0,0,0,0,0,0,0,0,0,0,0,0,0,0,0,0,0,0,0,0,0,0,0,0,0,0,0,0,0,0,0,0,0,0,0,0
"Charlottetown (Division Headquarters 1), Prince Edward Island, Royal Canadian Mounted Police [11959]",,0,0,0,0,0,0,0,0,0,0,0,0,0,0,0,0,0,0,0,0,0,0,0,0,0,0,0,0,0,0,0,0,0,0,0,0,0,0,0,0,0,0,0,0,0,0,0,0,0,0,0,0,0,0,0,0,0,0,0,0,0,0,0,0,0,0,0,0,0,0,0,0,0,0,0,0,0,0,0,0,0,0,0,0,0,0,0,0,0,0,0,0,0,0,0,0,0,0,0,0,0,0,0,0,0,0,0,0,0,0,0,0,0,0,0,0,0,0,0,0,0,0,0,0,0,0,0,0,0,0,0,0,0,0,0,0,0,0,0,0,0,0,0,0,0,0,0,0,0,0,0,0,0,0,0,0,0,0,0,0,0,0,0,0,0
"Charlottetown (Division Headquarters 2), Prince Edward Island, Royal Canadian Mounted Police [11970]",,0,0,0,0,0,0,0,0,0,0,0,0,0,0,0,0,0,0,0,0,0,0,0,0,0,0,0,0,0,0,0,0,0,0,0,0,0,0,0,0,0,0,0,0,0,0,0,0,0,0,0,0,0,0,0,0,0,0,0,0,0,0,0,0,0,0,0,0,0,0,0,0,0,0,0,0,0,0,0,0,0,0,0,0,0,0,0,0,0,0,0,0,0,0,0,0,0,0,0,0,0,0,0,0,0,0,0,0,0,0,0,0,0,0,0,0,0,0,0,0,0,0,0,0,0,0,0,0,0,0,0,0,0,0,0,0,0,0,0,0,0,0,0,0,0,0,0,0,0,0,0,0,0,0,0,0,0,0,0,0,0,0,0,0,0
Nova Scotia [12],,57484,60082,66025,68328,71388,55981,58686,64758,67019,70019,51733,54734,61169,62997,65882,14848,15041,16344,17146,16555,27254,30830,35115,35871,38023,9631,8863,9710,9980,11304,4248,3952,3589,4022,4137,3460,3062,2883,3032,2939,788,890,706,990,1198,1503,1396,1267,1309,1369,1110,981,851,998,1024,0,0,0,0,0,184,143,113,140,146,165,180,206,254,229,0,0,0,0,0,314,330,279,343,348,263,195,184,174,189,1,0,0,2,2,183,133,69,85,110,40,16,24,32,42,353,399,392,279,303,0,0,0,0,0,0,1,0,0,3,9,22,5,11,9,1,18,8,2,0,1,1,1,3,4,0,0,0,0,0,22,16,21,40,51,23,3,2,14,30,51,76,110,77,87,0,0,0,0,0,37,44,3,0,0,209,218,242,129,116
"Amherst, Nova Scotia, municipal [12001]",,1436,1438,1662,1775,1690,1407,1415,1647,1745,1653,1373,1351,1577,1683,1570,304,375,358,395,378,665,703,881,993,863,404,273,338,295,329,34,64,70,62,83,11,26,40,24,27,23,38,30,38,56,29,23,15,30,37,23,15,7,23,26,0,0,0,0,0,2,2,1,3,5,8,6,2,3,6,0,0,0,0,0,5,4,2,13,6,6,2,2,2,6,0,0,0,0,0,2,1,0,2,3,0,0,0,0,0,6,8,8,7,11,0,0,0,0,0,0,0,0,0,0,0,0,0,0,0,0,0,0,0,0,0,0,0,0,0,0,0,0,0,0,1,1,2,6,2,0,0,0,0,0,1,1,2,1,2,0,0,0,0,0,0,0,0,0,0,4,6,4,0,7
"Annapolis Royal, Nova Scotia, municipal [12002]",,40,47,65,55,83,38,46,65,53,81,35,40,60,47,77,13,10,16,17,21,15,21,33,19,34,7,9,11,11,22,3,6,5,6,4,3,3,3,4,2,0,3,2,2,2,2,1,0,2,2,0,1,0,1,2,0,0,0,0,0,0,0,0,0,0,0,0,0,0,0,0,0,0,0,0,0,0,0,0,1,0,0,0,1,0,0,0,0,0,0,0,1,0,0,1,0,0,0,0,0,2,0,0,1,0,0,0,0,0,0,0,0,0,0,0,1,0,0,0,0,0,0,0,0,0,0,0,0,0,0,0,0,0,0,0,0,0,0,0,0,0,0,0,0,0,0,0,0,0,0,0,0,0,0,0,0,0,0,0,0,1,0,0,1,0
"Halifax County, Nova Scotia, Royal Canadian Mounted Police, rural [12003]",,..,..,..,..,..,..,..,..,..,..,..,..,..,..,..,..,..,..,..,..,..,..,..,..,..,..,..,..,..,..,..,..,..,..,..,..,..,..,..,..,..,..,..,..,..,..,..,..,..,..,..,..,..,..,..,..,..,..,..,..,..,..,..,..,..,..,..,..,..,..,..,..,..,..,..,..,..,..,..,..,..,..,..,..,..,..,..,..,..,..,..,..,..,..,..,..,..,..,..,..,..,..,..,..,..,..,..,..,..,..,..,..,..,..,..,..,..,..,..,..,..,..,..,..,..,..,..,..,..,..,..,..,..,..,..,..,..,..,..,..,..,..,..,..,..,..,..,..,..,..,..,..,..,..,..,..,..,..,..,..,..,..,..,..,..
"Berwick, Nova Scotia, municipal [12004]",,..,..,..,..,..,..,..,..,..,..,..,..,..,..,..,..,..,..,..,..,..,..,..,..,..,..,..,..,..,..,..,..,..,..,..,..,..,..,..,..,..,..,..,..,..,..,..,..,..,..,..,..,..,..,..,..,..,..,..,..,..,..,..,..,..,..,..,..,..,..,..,..,..,..,..,..,..,..,..,..,..,..,..,..,..,..,..,..,..,..,..,..,..,..,..,..,..,..,..,..,..,..,..,..,..,..,..,..,..,..,..,..,..,..,..,..,..,..,..,..,..,..,..,..,..,..,..,..,..,..,..,..,..,..,..,..,..,..,..,..,..,..,..,..,..,..,..,..,..,..,..,..,..,..,..,..,..,..,..,..,..,..,..,..,..
"Bridgewater, Nova Scotia, municipal [12006]",,615,699,869,795,746,608,675,851,782,732,559,609,791,714,673,170,225,244,195,160,269,298,421,379,389,120,86,126,140,124,49,66,60,68,59,35,53,54,58,42,14,13,6,10,17,7,24,18,13,14,6,15,11,12,13,0,0,0,0,0,1,1,2,2,3,0,2,2,1,0,0,0,0,0,0,4,7,6,4,5,0,4,1,4,3,0,0,0,0,0,1,1,0,1,2,0,0,0,0,0,1,9,7,1,1,0,0,0,0,0,0,0,0,0,0,0,0,0,0,0,0,1,0,0,0,0,0,0,0,0,0,0,0,0,0,0,0,1,0,0,0,0,0,0,0,0,4,2,0,0,0,0,0,0,0,0,0,0,0,0,1,4,4,1,1
"Eskasoni, Nova Scotia, Royal Canadian Mounted Police, rural [12007]",,1039,1106,1033,1187,1376,980,1068,991,1143,1338,903,969,918,1070,1259,246,270,275,319,373,392,393,370,437,512,265,306,273,314,374,77,99,73,73,79,72,81,62,60,66,5,18,11,13,13,59,38,42,44,38,43,32,25,40,37,0,0,0,0,0,2,5,1,1,0,7,10,4,0,1,0,0,0,0,0,3,8,10,21,17,28,9,8,17,17,0,0,0,0,0,3,0,2,1,2,0,1,0,0,0,16,5,17,4,1,0,0,0,0,0,0,0,0,0,0,0,0,0,0,0,0,0,0,0,0,0,0,0,0,0,0,0,0,0,0,0,0,1,0,0,0,0,0,0,0,0,2,0,2,0,0,0,0,0,0,0,0,0,0,0,16,3,16,2,1
"Clark's Harbour, Nova Scotia, municipal [12008]",,..,..,..,..,..,..,..,..,..,..,..,..,..,..,..,..,..,..,..,..,..,..,..,..,..,..,..,..,..,..,..,..,..,..,..,..,..,..,..,..,..,..,..,..,..,..,..,..,..,..,..,..,..,..,..,..,..,..,..,..,..,..,..,..,..,..,..,..,..,..,..,..,..,..,..,..,..,..,..,..,..,..,..,..,..,..,..,..,..,..,..,..,..,..,..,..,..,..,..,..,..,..,..,..,..,..,..,..,..,..,..,..,..,..,..,..,..,..,..,..,..,..,..,..,..,..,..,..,..,..,..,..,..,..,..,..,..,..,..,..,..,..,..,..,..,..,..,..,..,..,..,..,..,..,..,..,..,..,..,..,..,..,..,..,..
"Colchester County, Nova Scotia, Royal Canadian Mounted Police, rural [12009]",,2130,2091,2240,2335,2350,2086,2039,2211,2302,2322,1788,1802,1999,2055,2098,505,446,521,584,559,974,1077,1192,1158,1195,309,279,286,313,344,298,237,212,247,224,237,193,178,192,144,61,44,34,55,80,44,52,29,33,28,36,44,24,27,25,0,0,0,0,0,7,2,8,3,6,2,2,3,4,1,0,0,0,0,0,14,15,5,10,13,8,9,7,5,4,0,0,0,0,0,5,16,1,5,1,1,0,0,2,0,7,8,5,4,3,0,0,0,0,0,0,0,0,0,0,0,0,0,1,0,0,1,2,0,0,0,0,0,0,0,0,0,0,0,0,0,0,1,0,1,0,0,0,0,0,1,4,0,0,0,0,0,0,0,0,1,2,0,0,0,5,1,2,3,2
"Pictou County, Nova Scotia, Royal Canadian Mounted Police, rural [12010]",,1079,1248,1199,1334,1289,1033,1208,1169,1299,1266,866,1044,1071,1192,1143,279,296,278,338,340,454,579,636,684,626,133,169,157,170,177,167,164,98,107,123,133,132,80,86,75,34,32,18,21,48,46,40,30,35,23,30,27,16,18,13,0,0,0,0,0,6,3,5,1,4,11,4,5,7,1,0,0,0,0,0,5,5,3,2,5,5,8,3,7,1,0,0,0,0,1,3,7,0,1,1,4,0,1,0,0,12,13,13,17,10,0,0,0,0,0,0,0,0,0,0,1,0,1,1,0,0,0,0,0,0,0,0,0,0,0,0,0,0,0,0,1,0,0,4,0,1,0,0,0,0,2,8,3,8,4,0,0,0,0,0,1,2,0,0,0,6,3,9,4,6
"Digby, Nova Scotia, municipal [12012]",,..,..,..,..,..,..,..,..,..,..,..,..,..,..,..,..,..,..,..,..,..,..,..,..,..,..,..,..,..,..,..,..,..,..,..,..,..,..,..,..,..,..,..,..,..,..,..,..,..,..,..,..,..,..,..,..,..,..,..,..,..,..,..,..,..,..,..,..,..,..,..,..,..,..,..,..,..,..,..,..,..,..,..,..,..,..,..,..,..,..,..,..,..,..,..,..,..,..,..,..,..,..,..,..,..,..,..,..,..,..,..,..,..,..,..,..,..,..,..,..,..,..,..,..,..,..,..,..,..,..,..,..,..,..,..,..,..,..,..,..,..,..,..,..,..,..,..,..,..,..,..,..,..,..,..,..,..,..,..,..,..,..,..,..,..
"Glace Bay, Nova Scotia, municipal [12014]",,..,..,..,..,..,..,..,..,..,..,..,..,..,..,..,..,..,..,..,..,..,..,..,..,..,..,..,..,..,..,..,..,..,..,..,..,..,..,..,..,..,..,..,..,..,..,..,..,..,..,..,..,..,..,..,..,..,..,..,..,..,..,..,..,..,..,..,..,..,..,..,..,..,..,..,..,..,..,..,..,..,..,..,..,..,..,..,..,..,..,..,..,..,..,..,..,..,..,..,..,..,..,..,..,..,..,..,..,..,..,..,..,..,..,..,..,..,..,..,..,..,..,..,..,..,..,..,..,..,..,..,..,..,..,..,..,..,..,..,..,..,..,..,..,..,..,..,..,..,..,..,..,..,..,..,..,..,..,..,..,..,..,..,..,..
"Richmond County, Nova Scotia, Royal Canadian Mounted Police, rural [12016]",,590,593,601,551,673,568,568,588,537,659,505,511,545,498,598,191,185,161,171,232,236,244,309,255,243,78,82,75,72,123,63,57,43,39,61,60,45,30,30,52,3,12,13,9,9,22,25,13,14,14,16,15,9,7,9,0,0,0,0,0,2,1,0,0,0,2,1,0,0,1,0,0,0,0,0,4,6,5,2,4,6,5,2,4,2,0,0,0,1,0,2,2,2,0,2,0,0,0,0,0,6,10,4,7,5,0,0,0,0,0,0,0,0,0,0,0,2,0,1,0,0,0,0,0,0,0,0,0,0,0,0,0,0,0,0,1,1,0,2,0,0,0,0,0,0,0,1,0,2,4,0,0,0,0,0,1,1,0,0,0,4,5,4,2,1
"Membertou, Nova Scotia, Royal Canadian Mounted Police, rural [12017]",,..,..,..,..,..,..,..,..,..,..,..,..,..,..,..,..,..,..,..,..,..,..,..,..,..,..,..,..,..,..,..,..,..,..,..,..,..,..,..,..,..,..,..,..,..,..,..,..,..,..,..,..,..,..,..,..,..,..,..,..,..,..,..,..,..,..,..,..,..,..,..,..,..,..,..,..,..,..,..,..,..,..,..,..,..,..,..,..,..,..,..,..,..,..,..,..,..,..,..,..,..,..,..,..,..,..,..,..,..,..,..,..,..,..,..,..,..,..,..,..,..,..,..,..,..,..,..,..,..,..,..,..,..,..,..,..,..,..,..,..,..,..,..,..,..,..,..,..,..,..,..,..,..,..,..,..,..,..,..,..,..,..,..,..,..
"Cape Breton Region, Nova Scotia, municipal [12018]",,4488,4736,4557,4534,4230,4393,4652,4493,4469,4175,4142,4435,4329,4297,4023,1136,1039,970,963,859,2107,2552,2539,2510,2416,899,844,820,824,748,251,217,164,172,152,161,134,116,109,97,90,83,48,63,55,95,84,64,65,55,93,80,59,59,53,0,0,0,0,0,16,10,2,10,9,3,3,2,4,3,0,0,0,0,0,35,38,39,27,25,35,26,15,11,13,1,0,0,0,0,3,3,1,7,3,2,1,2,2,1,0,3,3,4,1,0,0,0,0,0,0,0,0,0,0,0,1,0,0,0,0,0,1,0,0,0,0,0,0,0,0,0,0,0,0,0,0,0,3,0,0,1,1,0,0,0,1,0,1,1,0,0,0,0,0,0,0,1,0,0,0,0,0,0,0
"Halifax, Nova Scotia, municipal [12020]",,..,..,..,..,..,..,..,..,..,..,..,..,..,..,..,..,..,..,..,..,..,..,..,..,..,..,..,..,..,..,..,..,..,..,..,..,..,..,..,..,..,..,..,..,..,..,..,..,..,..,..,..,..,..,..,..,..,..,..,..,..,..,..,..,..,..,..,..,..,..,..,..,..,..,..,..,..,..,..,..,..,..,..,..,..,..,..,..,..,..,..,..,..,..,..,..,..,..,..,..,..,..,..,..,..,..,..,..,..,..,..,..,..,..,..,..,..,..,..,..,..,..,..,..,..,..,..,..,..,..,..,..,..,..,..,..,..,..,..,..,..,..,..,..,..,..,..,..,..,..,..,..,..,..,..,..,..,..,..,..,..,..,..,..,..
"Hantsport, Nova Scotia, municipal [12021]",,..,..,..,..,..,..,..,..,..,..,..,..,..,..,..,..,..,..,..,..,..,..,..,..,..,..,..,..,..,..,..,..,..,..,..,..,..,..,..,..,..,..,..,..,..,..,..,..,..,..,..,..,..,..,..,..,..,..,..,..,..,..,..,..,..,..,..,..,..,..,..,..,..,..,..,..,..,..,..,..,..,..,..,..,..,..,..,..,..,..,..,..,..,..,..,..,..,..,..,..,..,..,..,..,..,..,..,..,..,..,..,..,..,..,..,..,..,..,..,..,..,..,..,..,..,..,..,..,..,..,..,..,..,..,..,..,..,..,..,..,..,..,..,..,..,..,..,..,..,..,..,..,..,..,..,..,..,..,..,..,..,..,..,..,..
"Kentville, Nova Scotia, municipal [12023]",,549,493,533,609,663,541,486,529,605,656,501,460,484,550,587,160,122,147,180,155,255,229,215,232,241,86,109,122,138,191,40,26,45,55,69,33,18,37,35,47,7,8,8,20,22,8,7,4,4,7,6,6,4,3,6,0,0,0,0,0,3,1,2,2,1,0,0,1,0,0,0,0,0,0,0,2,4,1,1,3,0,0,0,0,2,0,0,0,0,0,1,1,0,0,0,0,0,0,0,0,2,1,0,1,1,0,0,0,0,0,0,0,0,0,0,0,0,0,0,0,0,0,0,0,0,0,0,0,0,0,0,0,0,0,0,0,0,0,0,0,0,0,0,0,0,0,0,0,0,0,0,0,0,0,0,2,0,0,0,0,0,1,0,1,1
"Lunenburg, Nova Scotia, municipal [12029]",,..,..,..,..,..,..,..,..,..,..,..,..,..,..,..,..,..,..,..,..,..,..,..,..,..,..,..,..,..,..,..,..,..,..,..,..,..,..,..,..,..,..,..,..,..,..,..,..,..,..,..,..,..,..,..,..,..,..,..,..,..,..,..,..,..,..,..,..,..,..,..,..,..,..,..,..,..,..,..,..,..,..,..,..,..,..,..,..,..,..,..,..,..,..,..,..,..,..,..,..,..,..,..,..,..,..,..,..,..,..,..,..,..,..,..,..,..,..,..,..,..,..,..,..,..,..,..,..,..,..,..,..,..,..,..,..,..,..,..,..,..,..,..,..,..,..,..,..,..,..,..,..,..,..,..,..,..,..,..,..,..,..,..,..,..
"Middleton, Nova Scotia, municipal [12031]",,..,..,..,..,..,..,..,..,..,..,..,..,..,..,..,..,..,..,..,..,..,..,..,..,..,..,..,..,..,..,..,..,..,..,..,..,..,..,..,..,..,..,..,..,..,..,..,..,..,..,..,..,..,..,..,..,..,..,..,..,..,..,..,..,..,..,..,..,..,..,..,..,..,..,..,..,..,..,..,..,..,..,..,..,..,..,..,..,..,..,..,..,..,..,..,..,..,..,..,..,..,..,..,..,..,..,..,..,..,..,..,..,..,..,..,..,..,..,..,..,..,..,..,..,..,..,..,..,..,..,..,..,..,..,..,..,..,..,..,..,..,..,..,..,..,..,..,..,..,..,..,..,..,..,..,..,..,..,..,..,..,..,..,..,..
"North Sydney, Nova Scotia, municipal [12035]",,..,..,..,..,..,..,..,..,..,..,..,..,..,..,..,..,..,..,..,..,..,..,..,..,..,..,..,..,..,..,..,..,..,..,..,..,..,..,..,..,..,..,..,..,..,..,..,..,..,..,..,..,..,..,..,..,..,..,..,..,..,..,..,..,..,..,..,..,..,..,..,..,..,..,..,..,..,..,..,..,..,..,..,..,..,..,..,..,..,..,..,..,..,..,..,..,..,..,..,..,..,..,..,..,..,..,..,..,..,..,..,..,..,..,..,..,..,..,..,..,..,..,..,..,..,..,..,..,..,..,..,..,..,..,..,..,..,..,..,..,..,..,..,..,..,..,..,..,..,..,..,..,..,..,..,..,..,..,..,..,..,..,..,..,..
"Springhill, Nova Scotia, municipal [12043]",,..,..,..,..,..,..,..,..,..,..,..,..,..,..,..,..,..,..,..,..,..,..,..,..,..,..,..,..,..,..,..,..,..,..,..,..,..,..,..,..,..,..,..,..,..,..,..,..,..,..,..,..,..,..,..,..,..,..,..,..,..,..,..,..,..,..,..,..,..,..,..,..,..,..,..,..,..,..,..,..,..,..,..,..,..,..,..,..,..,..,..,..,..,..,..,..,..,..,..,..,..,..,..,..,..,..,..,..,..,..,..,..,..,..,..,..,..,..,..,..,..,..,..,..,..,..,..,..,..,..,..,..,..,..,..,..,..,..,..,..,..,..,..,..,..,..,..,..,..,..,..,..,..,..,..,..,..,..,..,..,..,..,..,..,..
"Stellarton, Nova Scotia, municipal [12044]",,334,449,502,475,522,330,446,495,469,515,304,429,471,440,476,81,96,109,100,151,160,259,283,263,214,63,74,79,77,111,26,17,24,29,39,15,4,13,9,11,11,13,11,20,28,4,3,7,6,7,1,1,1,4,3,0,0,0,0,0,0,0,0,1,0,0,0,0,1,2,0,0,0,0,0,0,0,1,0,1,0,1,0,2,0,0,0,0,0,0,1,0,0,0,0,0,0,3,1,3,3,2,3,1,1,0,0,0,0,0,0,0,0,0,0,0,0,0,0,0,0,0,0,0,0,0,0,0,0,0,0,0,0,0,0,0,0,0,0,0,0,0,0,0,0,0,0,1,0,0,0,0,0,0,0,0,0,0,0,0,3,2,2,1,1
"Sydney, Nova Scotia, municipal [12048]",,..,..,..,..,..,..,..,..,..,..,..,..,..,..,..,..,..,..,..,..,..,..,..,..,..,..,..,..,..,..,..,..,..,..,..,..,..,..,..,..,..,..,..,..,..,..,..,..,..,..,..,..,..,..,..,..,..,..,..,..,..,..,..,..,..,..,..,..,..,..,..,..,..,..,..,..,..,..,..,..,..,..,..,..,..,..,..,..,..,..,..,..,..,..,..,..,..,..,..,..,..,..,..,..,..,..,..,..,..,..,..,..,..,..,..,..,..,..,..,..,..,..,..,..,..,..,..,..,..,..,..,..,..,..,..,..,..,..,..,..,..,..,..,..,..,..,..,..,..,..,..,..,..,..,..,..,..,..,..,..,..,..,..,..,..
"Truro, Nova Scotia, municipal [12052]",,1050,972,1189,1345,1654,1028,958,1173,1329,1632,983,899,1122,1227,1550,209,194,224,270,321,490,423,582,688,841,284,282,316,269,388,45,59,51,102,82,29,43,37,78,46,16,16,14,24,36,22,14,16,16,22,21,6,13,11,19,0,0,0,0,0,1,0,3,2,1,1,0,0,0,3,0,0,0,0,0,14,1,9,6,8,2,5,1,2,5,0,0,0,0,0,3,0,0,1,2,0,2,3,1,2,1,6,0,4,1,0,0,0,0,0,0,0,0,0,0,0,0,0,0,0,0,0,0,0,0,0,0,0,0,0,0,0,0,0,0,0,0,0,4,0,0,0,0,0,0,0,1,0,0,0,0,0,0,0,0,0,0,0,0,0,1,5,0,0,1
"Westville, Nova Scotia, municipal [12054]",,243,304,316,353,242,237,295,314,351,242,214,275,314,341,230,52,80,91,93,76,100,141,175,177,124,62,54,48,71,30,23,20,0,10,12,12,14,0,5,4,11,6,0,5,8,6,9,2,2,0,3,8,0,2,0,0,0,0,0,0,0,3,0,0,0,2,2,0,0,0,0,0,0,0,0,0,2,0,1,0,0,1,0,0,0,0,0,0,0,0,1,0,0,1,0,2,0,2,0,0,1,1,0,0,0,0,0,0,0,0,0,0,0,0,0,0,0,0,0,0,1,0,0,0,0,0,0,0,0,0,0,0,0,0,0,0,0,0,0,0,0,0,0,0,0,0,0,0,0,0,0,0,0,0,0,0,0,0,0,0,0,1,0,0,0
"Wolfville, Nova Scotia, municipal [12056]",,..,..,..,..,..,..,..,..,..,..,..,..,..,..,..,..,..,..,..,..,..,..,..,..,..,..,..,..,..,..,..,..,..,..,..,..,..,..,..,..,..,..,..,..,..,..,..,..,..,..,..,..,..,..,..,..,..,..,..,..,..,..,..,..,..,..,..,..,..,..,..,..,..,..,..,..,..,..,..,..,..,..,..,..,..,..,..,..,..,..,..,..,..,..,..,..,..,..,..,..,..,..,..,..,..,..,..,..,..,..,..,..,..,..,..,..,..,..,..,..,..,..,..,..,..,..,..,..,..,..,..,..,..,..,..,..,..,..,..,..,..,..,..,..,..,..,..,..,..,..,..,..,..,..,..,..,..,..,..,..,..,..,..,..,..
"Yarmouth, Nova Scotia, municipal [12057]",,..,..,..,..,..,..,..,..,..,..,..,..,..,..,..,..,..,..,..,..,..,..,..,..,..,..,..,..,..,..,..,..,..,..,..,..,..,..,..,..,..,..,..,..,..,..,..,..,..,..,..,..,..,..,..,..,..,..,..,..,..,..,..,..,..,..,..,..,..,..,..,..,..,..,..,..,..,..,..,..,..,..,..,..,..,..,..,..,..,..,..,..,..,..,..,..,..,..,..,..,..,..,..,..,..,..,..,..,..,..,..,..,..,..,..,..,..,..,..,..,..,..,..,..,..,..,..,..,..,..,..,..,..,..,..,..,..,..,..,..,..,..,..,..,..,..,..,..,..,..,..,..,..,..,..,..,..,..,..,..,..,..,..,..,..
"New Glasgow Region, Nova Scotia, municipal [12058]",,1365,1629,1723,1796,1455,1345,1598,1692,1760,1439,1261,1506,1591,1640,1316,486,520,470,446,399,517,703,810,894,661,258,283,311,300,256,84,92,101,120,123,65,63,67,74,67,19,29,34,46,56,20,31,31,36,16,19,26,25,22,8,0,0,0,0,0,4,3,2,1,0,7,1,9,3,2,0,0,0,0,0,5,17,8,1,3,2,2,5,14,3,0,0,0,0,0,1,3,1,3,0,0,1,0,1,0,1,4,6,13,8,0,0,0,0,0,0,0,0,0,0,0,0,0,0,0,0,0,0,0,0,0,0,0,0,0,0,0,0,0,0,0,0,0,0,0,0,0,1,0,0,0,0,0,1,0,0,0,0,0,0,0,0,0,0,0,1,4,5,12,8
"Trenton, Nova Scotia, municipal [12059]",,..,..,..,..,..,..,..,..,..,..,..,..,..,..,..,..,..,..,..,..,..,..,..,..,..,..,..,..,..,..,..,..,..,..,..,..,..,..,..,..,..,..,..,..,..,..,..,..,..,..,..,..,..,..,..,..,..,..,..,..,..,..,..,..,..,..,..,..,..,..,..,..,..,..,..,..,..,..,..,..,..,..,..,..,..,..,..,..,..,..,..,..,..,..,..,..,..,..,..,..,..,..,..,..,..,..,..,..,..,..,..,..,..,..,..,..,..,..,..,..,..,..,..,..,..,..,..,..,..,..,..,..,..,..,..,..,..,..,..,..,..,..,..,..,..,..,..,..,..,..,..,..,..,..,..,..,..,..,..,..,..,..,..,..,..
"Eskasoni, Nova Scotia, municipal [12065]",,..,..,..,..,..,..,..,..,..,..,..,..,..,..,..,..,..,..,..,..,..,..,..,..,..,..,..,..,..,..,..,..,..,..,..,..,..,..,..,..,..,..,..,..,..,..,..,..,..,..,..,..,..,..,..,..,..,..,..,..,..,..,..,..,..,..,..,..,..,..,..,..,..,..,..,..,..,..,..,..,..,..,..,..,..,..,..,..,..,..,..,..,..,..,..,..,..,..,..,..,..,..,..,..,..,..,..,..,..,..,..,..,..,..,..,..,..,..,..,..,..,..,..,..,..,..,..,..,..,..,..,..,..,..,..,..,..,..,..,..,..,..,..,..,..,..,..,..,..,..,..,..,..,..,..,..,..,..,..,..,..,..,..,..,..
"Halifax Metropolitan Area, Nova Scotia, municipal [12099] 20 21",,22715,23973,28518,29311,31831,22307,23636,28151,28900,31383,21224,22665,27200,27826,30216,5875,5831,6919,7183,6747,12062,13868,16949,17029,19354,3287,2966,3332,3614,4115,1083,971,951,1074,1167,858,699,698,776,836,225,272,253,298,331,408,337,367,411,448,340,277,271,348,342,0,0,0,0,0,71,56,33,53,35,77,105,122,167,150,0,0,0,0,0,70,52,62,72,74,39,32,34,35,51,0,0,0,0,0,83,32,20,21,32,22,11,11,23,24,46,49,85,40,82,0,0,0,0,0,0,0,0,0,0,1,0,1,0,0,0,12,5,1,0,1,0,0,1,3,0,0,0,0,0,0,3,3,1,8,20,1,0,13,29,12,13,62,10,19,0,0,0,0,0,5,6,1,0,0,7,14,13,11,20
"Halifax (offshore), Nova Scotia, Royal Canadian Mounted Police, rural [12700]",,4,6,5,4,6,0,0,0,1,1,0,0,0,1,1,0,0,0,0,0,0,0,0,0,0,0,0,0,1,1,0,0,0,0,0,0,0,0,0,0,0,0,0,0,0,4,6,5,3,5,2,2,3,2,4,0,0,0,0,0,0,1,0,0,0,0,0,0,0,0,0,0,0,0,0,2,1,2,2,3,0,0,1,0,0,0,0,0,0,0,0,0,0,0,1,0,0,0,0,0,2,4,2,1,1,0,0,0,0,0,0,0,0,0,0,1,4,1,0,1,0,0,0,0,0,0,0,1,1,0,0,0,0,0,0,0,0,0,0,0,0,0,0,0,0,0,0,0,0,0,0,0,0,0,0,1,0,0,0,0,0,0,0,0,0
"Barrington, Nova Scotia, Royal Canadian Mounted Police, rural [12702]",,430,588,446,566,550,420,576,440,557,538,367,512,401,501,491,164,249,164,185,150,134,195,166,222,246,69,68,71,94,95,53,64,39,56,47,44,60,35,48,33,9,4,4,8,14,10,12,6,9,12,8,12,6,9,2,0,0,0,0,0,1,1,1,0,0,1,0,2,3,0,0,0,0,0,0,4,6,0,2,1,0,1,1,1,0,0,0,0,0,0,2,4,2,3,1,0,0,0,0,7,2,0,0,0,3,0,0,0,0,0,0,0,0,0,0,0,0,0,0,0,0,0,0,0,0,0,0,0,0,0,0,0,0,0,0,0,0,0,0,1,0,0,0,0,0,1,0,0,0,0,0,0,0,0,0,1,0,0,0,0,0,0,0,0,2
"Annapolis County, Nova Scotia, Royal Canadian Mounted Police, rural [12703]",,1298,1425,1591,1813,1680,1250,1400,1560,1779,1620,1161,1311,1451,1647,1496,343,424,463,432,490,575,637,692,865,736,243,250,296,350,270,89,89,109,132,124,71,72,90,89,86,18,17,19,43,38,48,25,31,34,60,30,15,26,33,47,0,0,0,0,0,1,0,0,5,5,5,3,6,8,9,0,0,0,0,0,3,1,2,8,8,14,9,15,11,16,0,0,0,0,1,7,2,3,1,8,0,0,0,0,0,18,10,5,1,13,0,0,0,0,0,0,0,0,0,0,0,0,0,0,0,0,1,0,0,0,0,0,0,0,1,0,0,0,0,0,1,2,0,0,4,0,0,0,0,0,7,2,0,0,4,0,0,0,0,0,5,4,0,0,0,5,1,5,1,4
"Lunenburg County, Nova Scotia, Royal Canadian Mounted Police, rural [12704]",,1987,2062,2314,2285,2446,1919,1984,2262,2229,2377,1684,1801,2066,2008,2134,476,506,593,618,616,938,1055,1221,1129,1139,270,240,252,261,379,235,183,196,221,243,220,161,178,192,193,15,22,18,29,50,68,78,52,56,69,43,38,41,36,47,0,0,0,0,0,3,3,3,8,11,5,6,6,3,4,0,0,0,0,0,12,14,15,18,16,14,9,12,3,5,0,0,0,0,0,9,6,5,4,11,0,0,0,0,0,25,40,11,20,22,0,0,0,0,0,0,1,0,0,1,2,7,0,3,1,0,0,0,0,0,0,0,0,0,0,0,0,0,0,0,2,0,1,2,2,0,0,0,0,0,9,17,2,8,13,0,0,0,0,0,5,4,0,0,0,7,11,8,7,5
"Cape Breton, Nova Scotia, Royal Canadian Mounted Police, rural [12705]",,..,..,..,..,..,..,..,..,..,..,..,..,..,..,..,..,..,..,..,..,..,..,..,..,..,..,..,..,..,..,..,..,..,..,..,..,..,..,..,..,..,..,..,..,..,..,..,..,..,..,..,..,..,..,..,..,..,..,..,..,..,..,..,..,..,..,..,..,..,..,..,..,..,..,..,..,..,..,..,..,..,..,..,..,..,..,..,..,..,..,..,..,..,..,..,..,..,..,..,..,..,..,..,..,..,..,..,..,..,..,..,..,..,..,..,..,..,..,..,..,..,..,..,..,..,..,..,..,..,..,..,..,..,..,..,..,..,..,..,..,..,..,..,..,..,..,..,..,..,..,..,..,..,..,..,..,..,..,..,..,..,..,..,..,..
"Chester, Nova Scotia, Royal Canadian Mounted Police, rural [12706]",,..,..,..,..,..,..,..,..,..,..,..,..,..,..,..,..,..,..,..,..,..,..,..,..,..,..,..,..,..,..,..,..,..,..,..,..,..,..,..,..,..,..,..,..,..,..,..,..,..,..,..,..,..,..,..,..,..,..,..,..,..,..,..,..,..,..,..,..,..,..,..,..,..,..,..,..,..,..,..,..,..,..,..,..,..,..,..,..,..,..,..,..,..,..,..,..,..,..,..,..,..,..,..,..,..,..,..,..,..,..,..,..,..,..,..,..,..,..,..,..,..,..,..,..,..,..,..,..,..,..,..,..,..,..,..,..,..,..,..,..,..,..,..,..,..,..,..,..,..,..,..,..,..,..,..,..,..,..,..,..,..,..,..,..,..
"Lower Sackville, Nova Scotia, Royal Canadian Mounted Police, rural [12707]",,..,..,..,..,..,..,..,..,..,..,..,..,..,..,..,..,..,..,..,..,..,..,..,..,..,..,..,..,..,..,..,..,..,..,..,..,..,..,..,..,..,..,..,..,..,..,..,..,..,..,..,..,..,..,..,..,..,..,..,..,..,..,..,..,..,..,..,..,..,..,..,..,..,..,..,..,..,..,..,..,..,..,..,..,..,..,..,..,..,..,..,..,..,..,..,..,..,..,..,..,..,..,..,..,..,..,..,..,..,..,..,..,..,..,..,..,..,..,..,..,..,..,..,..,..,..,..,..,..,..,..,..,..,..,..,..,..,..,..,..,..,..,..,..,..,..,..,..,..,..,..,..,..,..,..,..,..,..,..,..,..,..,..,..,..
"Cole Harbour, Nova Scotia, Royal Canadian Mounted Police, rural [12708]",,..,..,..,..,..,..,..,..,..,..,..,..,..,..,..,..,..,..,..,..,..,..,..,..,..,..,..,..,..,..,..,..,..,..,..,..,..,..,..,..,..,..,..,..,..,..,..,..,..,..,..,..,..,..,..,..,..,..,..,..,..,..,..,..,..,..,..,..,..,..,..,..,..,..,..,..,..,..,..,..,..,..,..,..,..,..,..,..,..,..,..,..,..,..,..,..,..,..,..,..,..,..,..,..,..,..,..,..,..,..,..,..,..,..,..,..,..,..,..,..,..,..,..,..,..,..,..,..,..,..,..,..,..,..,..,..,..,..,..,..,..,..,..,..,..,..,..,..,..,..,..,..,..,..,..,..,..,..,..,..,..,..,..,..,..
"Digby, Nova Scotia, Royal Canadian Mounted Police, rural [12709]",,926,911,961,898,934,865,847,916,851,878,782,767,864,777,787,240,244,268,259,265,363,362,384,326,274,179,161,212,192,248,83,80,52,74,91,80,68,45,57,55,3,12,7,17,36,61,64,45,47,56,53,54,41,38,39,0,0,0,0,0,7,7,8,7,4,2,2,2,2,2,0,0,0,0,0,20,23,14,21,21,16,15,15,8,7,0,0,0,0,0,8,7,2,0,5,0,0,0,0,0,8,10,4,9,17,0,0,0,0,0,0,0,0,0,0,0,0,0,0,0,0,0,0,0,0,0,0,0,0,0,0,0,0,0,0,2,2,1,4,16,0,0,0,0,0,0,0,2,2,1,0,0,0,0,0,2,2,0,0,0,4,6,1,3,0
"Digby, Nova Scotia, Royal Canadian Mounted Police, municipal [12711]",,..,..,..,..,..,..,..,..,..,..,..,..,..,..,..,..,..,..,..,..,..,..,..,..,..,..,..,..,..,..,..,..,..,..,..,..,..,..,..,..,..,..,..,..,..,..,..,..,..,..,..,..,..,..,..,..,..,..,..,..,..,..,..,..,..,..,..,..,..,..,..,..,..,..,..,..,..,..,..,..,..,..,..,..,..,..,..,..,..,..,..,..,..,..,..,..,..,..,..,..,..,..,..,..,..,..,..,..,..,..,..,..,..,..,..,..,..,..,..,..,..,..,..,..,..,..,..,..,..,..,..,..,..,..,..,..,..,..,..,..,..,..,..,..,..,..,..,..,..,..,..,..,..,..,..,..,..,..,..,..,..,..,..,..,..
"Parrsboro, Nova Scotia, Royal Canadian Mounted Police, municipal [12712]",,..,..,..,..,..,..,..,..,..,..,..,..,..,..,..,..,..,..,..,..,..,..,..,..,..,..,..,..,..,..,..,..,..,..,..,..,..,..,..,..,..,..,..,..,..,..,..,..,..,..,..,..,..,..,..,..,..,..,..,..,..,..,..,..,..,..,..,..,..,..,..,..,..,..,..,..,..,..,..,..,..,..,..,..,..,..,..,..,..,..,..,..,..,..,..,..,..,..,..,..,..,..,..,..,..,..,..,..,..,..,..,..,..,..,..,..,..,..,..,..,..,..,..,..,..,..,..,..,..,..,..,..,..,..,..,..,..,..,..,..,..,..,..,..,..,..,..,..,..,..,..,..,..,..,..,..,..,..,..,..,..,..,..,..,..
"Tantallon, Nova Scotia, Royal Canadian Mounted Police, rural [12715]",,..,..,..,..,..,..,..,..,..,..,..,..,..,..,..,..,..,..,..,..,..,..,..,..,..,..,..,..,..,..,..,..,..,..,..,..,..,..,..,..,..,..,..,..,..,..,..,..,..,..,..,..,..,..,..,..,..,..,..,..,..,..,..,..,..,..,..,..,..,..,..,..,..,..,..,..,..,..,..,..,..,..,..,..,..,..,..,..,..,..,..,..,..,..,..,..,..,..,..,..,..,..,..,..,..,..,..,..,..,..,..,..,..,..,..,..,..,..,..,..,..,..,..,..,..,..,..,..,..,..,..,..,..,..,..,..,..,..,..,..,..,..,..,..,..,..,..,..,..,..,..,..,..,..,..,..,..,..,..,..,..,..,..,..,..
"Kings County, Nova Scotia, Royal Canadian Mounted Police, municipal [12720]",,3441,3271,3539,3560,3817,3348,3196,3461,3468,3708,2986,2934,3218,3201,3443,822,833,917,960,1060,1616,1622,1742,1700,1789,548,479,559,541,594,362,262,243,267,265,309,208,215,225,216,53,54,28,42,49,93,75,78,92,109,71,56,66,75,87,0,0,0,0,0,16,12,12,4,10,6,8,6,11,13,0,0,0,0,0,21,27,19,38,27,21,4,14,14,13,0,0,0,0,0,7,5,15,8,24,3,0,0,0,5,19,19,12,17,17,0,0,0,0,0,0,0,0,0,1,0,0,1,0,1,0,0,0,0,0,0,0,0,0,0,0,0,0,0,0,0,2,0,3,3,2,0,0,1,1,5,3,5,8,4,0,0,0,0,0,3,3,0,0,0,9,11,6,5,7
"Kingston, Nova Scotia, Royal Canadian Mounted Police, rural [12721]",,..,..,..,..,..,..,..,..,..,..,..,..,..,..,..,..,..,..,..,..,..,..,..,..,..,..,..,..,..,..,..,..,..,..,..,..,..,..,..,..,..,..,..,..,..,..,..,..,..,..,..,..,..,..,..,..,..,..,..,..,..,..,..,..,..,..,..,..,..,..,..,..,..,..,..,..,..,..,..,..,..,..,..,..,..,..,..,..,..,..,..,..,..,..,..,..,..,..,..,..,..,..,..,..,..,..,..,..,..,..,..,..,..,..,..,..,..,..,..,..,..,..,..,..,..,..,..,..,..,..,..,..,..,..,..,..,..,..,..,..,..,..,..,..,..,..,..,..,..,..,..,..,..,..,..,..,..,..,..,..,..,..,..,..,..
"Queens County, Nova Scotia, Royal Canadian Mounted Police, rural [12723]",,614,570,610,697,624,595,549,594,674,603,542,507,541,619,558,146,162,183,205,161,269,255,251,314,284,127,90,107,100,113,53,42,53,55,45,47,38,45,45,39,6,4,8,10,6,19,21,16,23,21,15,17,11,19,14,0,0,0,0,0,1,0,0,1,3,3,2,2,2,1,0,0,0,0,0,4,3,5,11,9,2,5,4,4,1,0,0,0,0,0,5,7,0,1,0,0,0,0,0,0,4,4,5,4,7,0,0,0,0,0,0,0,0,0,0,1,0,1,0,0,0,0,0,0,0,0,1,0,0,0,0,0,0,0,0,0,1,3,2,5,0,0,0,0,0,0,0,0,0,1,0,0,0,0,0,0,1,0,0,0,3,1,1,2,1
"Lunenburg, Nova Scotia, Royal Canadian Mounted Police, rural [12724]",,..,..,..,..,..,..,..,..,..,..,..,..,..,..,..,..,..,..,..,..,..,..,..,..,..,..,..,..,..,..,..,..,..,..,..,..,..,..,..,..,..,..,..,..,..,..,..,..,..,..,..,..,..,..,..,..,..,..,..,..,..,..,..,..,..,..,..,..,..,..,..,..,..,..,..,..,..,..,..,..,..,..,..,..,..,..,..,..,..,..,..,..,..,..,..,..,..,..,..,..,..,..,..,..,..,..,..,..,..,..,..,..,..,..,..,..,..,..,..,..,..,..,..,..,..,..,..,..,..,..,..,..,..,..,..,..,..,..,..,..,..,..,..,..,..,..,..,..,..,..,..,..,..,..,..,..,..,..,..,..,..,..,..,..,..
"Meteghan (Clare), Nova Scotia, Royal Canadian Mounted Police, rural [12726]",,398,386,300,410,469,380,374,296,402,455,338,340,259,362,418,80,101,91,114,125,203,200,130,200,236,55,39,38,48,57,42,34,37,40,37,35,27,33,25,29,7,7,4,15,8,18,12,4,8,14,11,6,2,3,8,0,0,0,0,0,2,0,1,0,2,2,0,1,1,0,0,0,0,0,0,4,4,0,1,6,2,2,0,1,0,0,0,0,0,0,1,0,0,0,0,0,0,0,0,0,7,6,2,5,6,0,0,0,0,0,0,0,0,0,0,0,0,0,0,0,0,0,0,0,0,0,0,0,0,0,0,0,0,0,0,4,1,0,1,0,0,0,0,0,0,2,1,1,3,1,0,0,0,0,0,0,2,0,0,0,1,2,1,1,5
"Sheet Harbour, Nova Scotia, Royal Canadian Mounted Police, rural [12735]",,..,..,..,..,..,..,..,..,..,..,..,..,..,..,..,..,..,..,..,..,..,..,..,..,..,..,..,..,..,..,..,..,..,..,..,..,..,..,..,..,..,..,..,..,..,..,..,..,..,..,..,..,..,..,..,..,..,..,..,..,..,..,..,..,..,..,..,..,..,..,..,..,..,..,..,..,..,..,..,..,..,..,..,..,..,..,..,..,..,..,..,..,..,..,..,..,..,..,..,..,..,..,..,..,..,..,..,..,..,..,..,..,..,..,..,..,..,..,..,..,..,..,..,..,..,..,..,..,..,..,..,..,..,..,..,..,..,..,..,..,..,..,..,..,..,..,..,..,..,..,..,..,..,..,..,..,..,..,..,..,..,..,..,..,..
"Shelburne, Nova Scotia, Royal Canadian Mounted Police, rural [12736]",,323,346,303,345,287,314,336,293,336,277,274,292,260,287,255,79,117,89,92,103,148,125,131,153,108,47,50,40,42,44,40,44,33,49,22,34,38,31,43,15,6,6,2,6,7,9,10,10,9,10,4,8,4,6,8,0,0,0,0,0,0,2,0,1,5,0,1,0,0,0,0,0,0,0,0,2,4,1,3,3,1,1,1,1,0,0,0,0,0,0,1,0,2,1,0,0,0,0,0,0,5,2,6,3,2,0,0,0,0,0,0,0,0,0,0,0,0,0,0,0,0,0,0,0,0,0,0,0,0,0,0,0,0,0,0,1,0,0,0,0,0,0,0,0,0,0,1,5,2,1,0,0,0,0,0,1,0,0,0,0,3,1,1,1,1
"Windsor, Nova Scotia, Royal Canadian Mounted Police, municipal [12744]",,..,..,..,..,..,..,..,..,..,..,..,..,..,..,..,..,..,..,..,..,..,..,..,..,..,..,..,..,..,..,..,..,..,..,..,..,..,..,..,..,..,..,..,..,..,..,..,..,..,..,..,..,..,..,..,..,..,..,..,..,..,..,..,..,..,..,..,..,..,..,..,..,..,..,..,..,..,..,..,..,..,..,..,..,..,..,..,..,..,..,..,..,..,..,..,..,..,..,..,..,..,..,..,..,..,..,..,..,..,..,..,..,..,..,..,..,..,..,..,..,..,..,..,..,..,..,..,..,..,..,..,..,..,..,..,..,..,..,..,..,..,..,..,..,..,..,..,..,..,..,..,..,..,..,..,..,..,..,..,..,..,..,..,..,..
"West Hants, Nova Scotia, Royal Canadian Mounted Police, municipal [12745]",,1123,1343,1346,1283,1521,1078,1305,1317,1256,1474,974,1206,1224,1182,1361,284,368,334,352,381,496,642,654,625,694,194,196,236,205,286,104,99,93,74,113,95,81,81,56,87,9,18,12,18,26,45,38,29,27,47,37,30,27,18,32,0,0,0,0,0,8,2,5,3,6,7,3,1,3,7,0,0,0,0,0,6,14,15,6,15,13,7,5,3,4,0,0,0,0,0,3,4,1,3,0,0,0,0,1,0,8,8,2,8,15,0,0,0,0,0,0,0,0,0,0,0,0,0,0,0,0,0,0,0,0,0,0,0,0,0,0,0,0,0,0,4,0,0,0,1,0,0,0,0,0,0,4,2,4,4,0,0,0,0,0,1,2,0,0,0,3,2,0,4,10
"Yarmouth, Nova Scotia, Royal Canadian Mounted Police, rural [12747]",,705,625,670,800,760,684,596,654,779,739,606,497,576,695,649,164,144,220,242,203,364,287,285,360,362,78,66,71,93,84,78,99,78,84,90,65,88,74,76,79,13,11,4,8,11,21,29,16,21,21,15,19,8,10,11,0,0,0,0,0,3,3,1,0,1,1,2,0,0,0,0,0,0,0,0,6,11,2,3,7,1,2,4,2,2,0,0,0,0,0,4,1,1,5,1,0,0,0,0,0,6,10,8,11,10,0,0,0,0,0,0,0,0,0,0,2,0,0,1,0,0,1,0,1,0,0,0,0,0,0,0,0,0,0,0,1,0,2,1,2,0,0,0,0,0,0,8,6,5,7,0,0,0,0,0,1,1,0,0,0,2,0,0,3,1
"Cumberland County, Nova Scotia, Royal Canadian Mounted Police, rural [12750]",,1596,1584,1540,1719,1751,1532,1538,1484,1678,1704,1403,1418,1380,1568,1575,435,397,368,463,361,710,790,761,849,899,258,231,251,256,315,129,120,104,110,129,108,98,81,79,75,21,22,23,31,54,64,46,56,41,47,44,38,43,21,30,0,0,0,0,0,5,1,3,3,0,8,4,12,11,6,0,0,0,0,0,15,10,10,4,8,9,12,12,2,12,0,0,0,0,0,7,11,6,1,4,0,0,1,0,0,20,8,12,20,17,0,0,0,0,0,0,0,0,0,0,0,0,0,0,0,0,0,0,0,0,0,0,0,0,0,0,0,0,0,0,2,0,3,4,3,0,0,0,0,0,8,0,0,8,6,0,0,0,0,0,0,4,0,0,0,10,4,9,8,8
"Antigonish County, Nova Scotia, Royal Canadian Mounted Police, rural [12751]",,683,782,804,814,876,664,756,782,797,864,549,679,684,689,772,198,187,223,205,223,246,381,328,380,451,105,111,133,104,98,115,77,98,108,92,102,64,88,90,73,13,13,10,18,19,19,26,22,17,12,15,19,13,12,9,0,0,0,0,0,2,2,3,3,1,1,0,2,0,2,0,0,0,0,0,5,12,5,7,4,5,1,1,1,2,0,0,0,0,0,2,4,2,1,0,1,0,0,0,0,3,7,9,5,3,0,0,0,0,0,0,0,0,0,0,0,0,0,1,0,0,0,0,0,0,0,0,0,0,0,0,0,0,0,0,1,2,0,1,0,0,1,0,0,0,0,2,6,2,3,0,0,0,0,0,1,1,0,0,0,1,1,3,1,0
"Antigonish, Nova Scotia, Royal Canadian Mounted Police, municipal [12752]",,615,695,632,673,595,606,674,618,658,587,555,626,564,605,524,157,178,155,137,108,241,286,287,340,283,157,162,122,128,133,51,48,54,53,63,47,44,44,40,49,4,4,10,13,14,9,21,14,15,8,7,17,11,11,8,0,0,0,0,0,2,4,4,3,2,0,3,1,2,1,0,0,0,0,0,2,5,6,4,5,2,3,0,1,0,0,0,0,1,0,1,2,0,0,0,0,0,0,0,0,2,4,3,4,0,0,0,0,0,0,0,0,0,0,0,0,0,0,1,0,0,0,0,0,0,0,0,0,0,0,0,0,0,0,0,0,0,2,0,0,0,0,0,0,0,0,0,0,0,0,0,0,0,0,0,2,2,0,0,0,0,2,1,3,0
"Guysborough County, Nova Scotia, Royal Canadian Mounted Police, rural [12760]",,347,391,349,391,320,341,386,338,381,313,305,346,301,341,289,99,101,83,126,84,157,203,166,176,167,49,42,52,39,38,36,40,37,40,24,28,29,29,35,19,8,11,8,5,5,6,5,11,10,7,4,5,6,8,4,0,0,0,0,0,1,2,1,1,0,0,1,1,1,2,0,0,0,0,0,3,1,3,3,1,0,1,1,1,0,0,0,0,0,0,0,0,0,2,1,0,0,0,0,0,2,0,5,2,3,0,0,0,0,0,0,0,0,0,0,0,0,0,0,1,0,0,0,0,0,0,0,0,1,0,0,0,0,0,0,0,0,0,0,0,0,0,0,0,0,1,0,2,1,1,0,0,0,0,0,1,0,0,0,0,0,0,3,0,1
"Stellarton, Nova Scotia, Royal Canadian Mounted Police, rural [12770]",,..,..,..,..,..,..,..,..,..,..,..,..,..,..,..,..,..,..,..,..,..,..,..,..,..,..,..,..,..,..,..,..,..,..,..,..,..,..,..,..,..,..,..,..,..,..,..,..,..,..,..,..,..,..,..,..,..,..,..,..,..,..,..,..,..,..,..,..,..,..,..,..,..,..,..,..,..,..,..,..,..,..,..,..,..,..,..,..,..,..,..,..,..,..,..,..,..,..,..,..,..,..,..,..,..,..,..,..,..,..,..,..,..,..,..,..,..,..,..,..,..,..,..,..,..,..,..,..,..,..,..,..,..,..,..,..,..,..,..,..,..,..,..,..,..,..,..,..,..,..,..,..,..,..,..,..,..,..,..,..,..,..,..,..,..
"Parrsboro, Nova Scotia, Royal Canadian Mounted Police, rural [12775]",,..,..,..,..,..,..,..,..,..,..,..,..,..,..,..,..,..,..,..,..,..,..,..,..,..,..,..,..,..,..,..,..,..,..,..,..,..,..,..,..,..,..,..,..,..,..,..,..,..,..,..,..,..,..,..,..,..,..,..,..,..,..,..,..,..,..,..,..,..,..,..,..,..,..,..,..,..,..,..,..,..,..,..,..,..,..,..,..,..,..,..,..,..,..,..,..,..,..,..,..,..,..,..,..,..,..,..,..,..,..,..,..,..,..,..,..,..,..,..,..,..,..,..,..,..,..,..,..,..,..,..,..,..,..,..,..,..,..,..,..,..,..,..,..,..,..,..,..,..,..,..,..,..,..,..,..,..,..,..,..,..,..,..,..,..
"Pictou, Nova Scotia, Royal Canadian Mounted Police, municipal [12776]",,347,367,396,392,369,339,362,388,378,359,314,339,368,366,335,98,99,92,108,89,136,169,202,194,177,80,71,74,64,69,25,23,20,12,24,23,18,18,10,10,2,5,2,2,14,8,5,8,14,10,7,5,5,11,7,0,0,0,0,0,2,1,2,3,3,1,1,2,5,1,0,0,0,0,0,1,1,0,2,2,2,1,1,1,1,0,0,0,0,0,1,1,0,0,0,1,0,0,0,0,0,0,3,3,3,0,0,0,0,0,0,0,0,0,0,0,0,0,0,0,0,0,0,0,0,0,0,0,0,0,0,0,0,0,0,0,0,0,0,0,0,0,0,0,0,0,0,1,1,0,0,0,0,0,0,0,0,0,0,0,0,0,2,2,3
"Pugwash, Nova Scotia, Royal Canadian Mounted Police, rural [12777]",,..,..,..,..,..,..,..,..,..,..,..,..,..,..,..,..,..,..,..,..,..,..,..,..,..,..,..,..,..,..,..,..,..,..,..,..,..,..,..,..,..,..,..,..,..,..,..,..,..,..,..,..,..,..,..,..,..,..,..,..,..,..,..,..,..,..,..,..,..,..,..,..,..,..,..,..,..,..,..,..,..,..,..,..,..,..,..,..,..,..,..,..,..,..,..,..,..,..,..,..,..,..,..,..,..,..,..,..,..,..,..,..,..,..,..,..,..,..,..,..,..,..,..,..,..,..,..,..,..,..,..,..,..,..,..,..,..,..,..,..,..,..,..,..,..,..,..,..,..,..,..,..,..,..,..,..,..,..,..,..,..,..,..,..,..
"Sherbrooke, Nova Scotia, Royal Canadian Mounted Police, rural [12780]",,..,..,..,..,..,..,..,..,..,..,..,..,..,..,..,..,..,..,..,..,..,..,..,..,..,..,..,..,..,..,..,..,..,..,..,..,..,..,..,..,..,..,..,..,..,..,..,..,..,..,..,..,..,..,..,..,..,..,..,..,..,..,..,..,..,..,..,..,..,..,..,..,..,..,..,..,..,..,..,..,..,..,..,..,..,..,..,..,..,..,..,..,..,..,..,..,..,..,..,..,..,..,..,..,..,..,..,..,..,..,..,..,..,..,..,..,..,..,..,..,..,..,..,..,..,..,..,..,..,..,..,..,..,..,..,..,..,..,..,..,..,..,..,..,..,..,..,..,..,..,..,..,..,..,..,..,..,..,..,..,..,..,..,..,..
"Enfield (East Hants), Nova Scotia, Royal Canadian Mounted Police, rural [12782]",,1077,1133,1306,1330,1390,1051,1117,1288,1323,1375,897,926,1140,1175,1257,264,257,284,314,329,503,546,688,687,682,130,123,168,174,246,154,191,148,148,118,141,166,119,96,84,13,25,29,52,34,26,16,18,7,15,17,12,15,4,12,0,0,0,0,0,2,3,2,2,1,0,1,0,1,2,0,0,0,0,0,7,3,8,0,3,5,3,4,0,3,0,0,0,0,0,3,2,1,1,3,3,0,0,0,0,6,4,3,3,3,0,0,0,0,0,0,0,0,0,0,0,0,0,1,0,0,0,0,0,0,0,0,0,0,0,0,0,0,0,0,0,0,0,1,0,0,0,0,0,0,1,0,0,0,2,0,0,0,0,0,2,2,0,0,0,3,2,3,1,1
"Tatamagouche, Nova Scotia, Royal Canadian Mounted Police, rural [12785]",,..,..,..,..,..,..,..,..,..,..,..,..,..,..,..,..,..,..,..,..,..,..,..,..,..,..,..,..,..,..,..,..,..,..,..,..,..,..,..,..,..,..,..,..,..,..,..,..,..,..,..,..,..,..,..,..,..,..,..,..,..,..,..,..,..,..,..,..,..,..,..,..,..,..,..,..,..,..,..,..,..,..,..,..,..,..,..,..,..,..,..,..,..,..,..,..,..,..,..,..,..,..,..,..,..,..,..,..,..,..,..,..,..,..,..,..,..,..,..,..,..,..,..,..,..,..,..,..,..,..,..,..,..,..,..,..,..,..,..,..,..,..,..,..,..,..,..,..,..,..,..,..,..,..,..,..,..,..,..,..,..,..,..,..,..
"Bible Hill, Nova Scotia, Royal Canadian Mounted Police, rural [12786]",,..,..,..,..,..,..,..,..,..,..,..,..,..,..,..,..,..,..,..,..,..,..,..,..,..,..,..,..,..,..,..,..,..,..,..,..,..,..,..,..,..,..,..,..,..,..,..,..,..,..,..,..,..,..,..,..,..,..,..,..,..,..,..,..,..,..,..,..,..,..,..,..,..,..,..,..,..,..,..,..,..,..,..,..,..,..,..,..,..,..,..,..,..,..,..,..,..,..,..,..,..,..,..,..,..,..,..,..,..,..,..,..,..,..,..,..,..,..,..,..,..,..,..,..,..,..,..,..,..,..,..,..,..,..,..,..,..,..,..,..,..,..,..,..,..,..,..,..,..,..,..,..,..,..,..,..,..,..,..,..,..,..,..,..,..
"Arichat, Nova Scotia, Royal Canadian Mounted Police, rural [12800]",,..,..,..,..,..,..,..,..,..,..,..,..,..,..,..,..,..,..,..,..,..,..,..,..,..,..,..,..,..,..,..,..,..,..,..,..,..,..,..,..,..,..,..,..,..,..,..,..,..,..,..,..,..,..,..,..,..,..,..,..,..,..,..,..,..,..,..,..,..,..,..,..,..,..,..,..,..,..,..,..,..,..,..,..,..,..,..,..,..,..,..,..,..,..,..,..,..,..,..,..,..,..,..,..,..,..,..,..,..,..,..,..,..,..,..,..,..,..,..,..,..,..,..,..,..,..,..,..,..,..,..,..,..,..,..,..,..,..,..,..,..,..,..,..,..,..,..,..,..,..,..,..,..,..,..,..,..,..,..,..,..,..,..,..,..
"Victoria County, Nova Scotia, Royal Canadian Mounted Police, rural [12802]",,494,510,469,534,476,484,497,457,518,461,400,422,406,445,421,110,124,153,186,133,192,214,169,192,204,98,84,84,67,84,84,75,51,73,40,62,61,49,62,36,22,14,2,11,4,10,13,12,16,15,10,5,8,9,10,0,0,0,0,0,0,0,1,1,3,0,0,5,2,1,0,0,0,0,0,5,2,0,4,3,3,2,2,2,3,0,0,0,0,0,2,1,0,0,0,0,0,0,0,0,0,8,4,7,5,0,0,0,0,0,0,0,0,0,1,0,5,0,0,2,0,0,0,0,0,0,0,0,0,0,0,0,0,0,0,0,0,0,1,1,0,0,0,0,0,0,0,4,5,1,0,0,0,0,0,0,2,0,0,0,0,1,0,1,0
"Chéticamp, Nova Scotia, Royal Canadian Mounted Police, rural [12805]",,..,..,..,..,..,..,..,..,..,..,..,..,..,..,..,..,..,..,..,..,..,..,..,..,..,..,..,..,..,..,..,..,..,..,..,..,..,..,..,..,..,..,..,..,..,..,..,..,..,..,..,..,..,..,..,..,..,..,..,..,..,..,..,..,..,..,..,..,..,..,..,..,..,..,..,..,..,..,..,..,..,..,..,..,..,..,..,..,..,..,..,..,..,..,..,..,..,..,..,..,..,..,..,..,..,..,..,..,..,..,..,..,..,..,..,..,..,..,..,..,..,..,..,..,..,..,..,..,..,..,..,..,..,..,..,..,..,..,..,..,..,..,..,..,..,..,..,..,..,..,..,..,..,..,..,..,..,..,..,..,..,..,..,..,..
"Ingonish Beach, Nova Scotia, Royal Canadian Mounted Police, rural [12812]",,..,..,..,..,..,..,..,..,..,..,..,..,..,..,..,..,..,..,..,..,..,..,..,..,..,..,..,..,..,..,..,..,..,..,..,..,..,..,..,..,..,..,..,..,..,..,..,..,..,..,..,..,..,..,..,..,..,..,..,..,..,..,..,..,..,..,..,..,..,..,..,..,..,..,..,..,..,..,..,..,..,..,..,..,..,..,..,..,..,..,..,..,..,..,..,..,..,..,..,..,..,..,..,..,..,..,..,..,..,..,..,..,..,..,..,..,..,..,..,..,..,..,..,..,..,..,..,..,..,..,..,..,..,..,..,..,..,..,..,..,..,..,..,..,..,..,..,..,..,..,..,..,..,..,..,..,..,..,..,..,..,..,..,..,..
"Inverness County, Nova Scotia, Royal Canadian Mounted Police, rural [12813]",,1197,1151,1225,1221,1372,1175,1122,1209,1192,1339,1044,991,1104,1086,1213,358,305,323,345,320,438,469,538,527,595,248,217,243,214,298,131,131,105,106,126,119,98,86,95,111,12,33,19,11,15,22,29,16,29,33,21,17,11,24,21,0,0,0,0,0,6,4,0,3,4,2,1,2,2,4,0,0,0,0,0,4,6,4,14,9,8,5,3,1,4,0,0,0,0,0,1,1,2,4,0,0,0,0,0,0,1,12,5,5,12,0,0,0,0,0,0,0,0,0,0,0,3,0,1,3,0,1,0,0,0,0,0,0,0,0,0,0,0,0,0,0,0,0,0,1,0,0,0,0,0,0,3,3,2,5,0,0,0,0,0,0,1,0,0,0,1,4,2,2,3
"Port Hawkesbury, Nova Scotia, Royal Canadian Mounted Police, rural [12820]",,..,..,..,..,..,..,..,..,..,..,..,..,..,..,..,..,..,..,..,..,..,..,..,..,..,..,..,..,..,..,..,..,..,..,..,..,..,..,..,..,..,..,..,..,..,..,..,..,..,..,..,..,..,..,..,..,..,..,..,..,..,..,..,..,..,..,..,..,..,..,..,..,..,..,..,..,..,..,..,..,..,..,..,..,..,..,..,..,..,..,..,..,..,..,..,..,..,..,..,..,..,..,..,..,..,..,..,..,..,..,..,..,..,..,..,..,..,..,..,..,..,..,..,..,..,..,..,..,..,..,..,..,..,..,..,..,..,..,..,..,..,..,..,..,..,..,..,..,..,..,..,..,..,..,..,..,..,..,..,..,..,..,..,..,..
"Port Hawkesbury, Nova Scotia, Royal Canadian Mounted Police, municipal [12821]",,..,..,..,..,..,..,..,..,..,..,..,..,..,..,..,..,..,..,..,..,..,..,..,..,..,..,..,..,..,..,..,..,..,..,..,..,..,..,..,..,..,..,..,..,..,..,..,..,..,..,..,..,..,..,..,..,..,..,..,..,..,..,..,..,..,..,..,..,..,..,..,..,..,..,..,..,..,..,..,..,..,..,..,..,..,..,..,..,..,..,..,..,..,..,..,..,..,..,..,..,..,..,..,..,..,..,..,..,..,..,..,..,..,..,..,..,..,..,..,..,..,..,..,..,..,..,..,..,..,..,..,..,..,..,..,..,..,..,..,..,..,..,..,..,..,..,..,..,..,..,..,..,..,..,..,..,..,..,..,..,..,..,..,..,..
"St. Peters, Nova Scotia, Royal Canadian Mounted Police, rural [12825]",,..,..,..,..,..,..,..,..,..,..,..,..,..,..,..,..,..,..,..,..,..,..,..,..,..,..,..,..,..,..,..,..,..,..,..,..,..,..,..,..,..,..,..,..,..,..,..,..,..,..,..,..,..,..,..,..,..,..,..,..,..,..,..,..,..,..,..,..,..,..,..,..,..,..,..,..,..,..,..,..,..,..,..,..,..,..,..,..,..,..,..,..,..,..,..,..,..,..,..,..,..,..,..,..,..,..,..,..,..,..,..,..,..,..,..,..,..,..,..,..,..,..,..,..,..,..,..,..,..,..,..,..,..,..,..,..,..,..,..,..,..,..,..,..,..,..,..,..,..,..,..,..,..,..,..,..,..,..,..,..,..,..,..,..,..
"Oxford County, Nova Scotia, Royal Canadian Mounted Police, municipal [12833]",,..,..,..,..,..,..,..,..,..,..,..,..,..,..,..,..,..,..,..,..,..,..,..,..,..,..,..,..,..,..,..,..,..,..,..,..,..,..,..,..,..,..,..,..,..,..,..,..,..,..,..,..,..,..,..,..,..,..,..,..,..,..,..,..,..,..,..,..,..,..,..,..,..,..,..,..,..,..,..,..,..,..,..,..,..,..,..,..,..,..,..,..,..,..,..,..,..,..,..,..,..,..,..,..,..,..,..,..,..,..,..,..,..,..,..,..,..,..,..,..,..,..,..,..,..,..,..,..,..,..,..,..,..,..,..,..,..,..,..,..,..,..,..,..,..,..,..,..,..,..,..,..,..,..,..,..,..,..,..,..,..,..,..,..,..
"Yarmouth, Nova Scotia, Royal Canadian Mounted Police, municipal [12834]",,1132,959,965,1011,1088,1110,934,950,981,1062,1035,864,872,888,960,365,262,257,263,292,445,437,427,455,463,225,165,188,170,205,75,70,78,93,102,51,60,75,86,89,24,10,3,7,13,22,25,15,30,26,20,23,15,28,25,0,0,0,0,0,3,2,2,5,10,1,1,2,3,1,0,0,0,0,0,14,13,7,13,13,0,4,4,4,1,0,0,0,0,0,2,3,0,3,0,0,0,0,0,0,2,2,0,2,1,0,0,0,0,0,0,0,0,0,0,0,0,0,0,0,0,0,0,0,0,0,0,0,0,0,0,0,0,0,0,0,0,0,0,0,0,0,0,0,0,0,0,0,0,0,0,0,0,0,0,0,2,0,0,0,2,0,0,2,1
"Canso, Nova Scotia, Royal Canadian Mounted Police, rural [12835]",,..,..,..,..,..,..,..,..,..,..,..,..,..,..,..,..,..,..,..,..,..,..,..,..,..,..,..,..,..,..,..,..,..,..,..,..,..,..,..,..,..,..,..,..,..,..,..,..,..,..,..,..,..,..,..,..,..,..,..,..,..,..,..,..,..,..,..,..,..,..,..,..,..,..,..,..,..,..,..,..,..,..,..,..,..,..,..,..,..,..,..,..,..,..,..,..,..,..,..,..,..,..,..,..,..,..,..,..,..,..,..,..,..,..,..,..,..,..,..,..,..,..,..,..,..,..,..,..,..,..,..,..,..,..,..,..,..,..,..,..,..,..,..,..,..,..,..,..,..,..,..,..,..,..,..,..,..,..,..,..,..,..,..,..,..
"Shelburne, Nova Scotia, Royal Canadian Mounted Police, rural [12836]",,305,309,365,306,289,290,304,360,299,280,270,274,339,281,264,69,82,99,93,81,133,131,176,139,115,68,61,64,49,68,20,30,21,18,16,16,25,19,14,16,4,5,2,4,0,15,5,5,7,9,13,4,3,6,8,0,0,0,0,0,1,1,2,1,2,0,0,0,1,1,0,0,0,0,0,5,3,1,3,4,6,0,0,1,1,0,0,0,0,0,1,0,0,0,0,0,0,0,1,0,2,1,2,0,1,0,0,0,0,0,0,0,0,0,0,0,0,0,0,0,0,1,0,0,0,0,0,0,0,0,0,0,0,0,0,0,0,0,0,1,0,0,0,0,0,0,0,1,0,0,0,0,0,0,0,0,0,1,0,0,2,0,0,0,0
"Oxford, Nova Scotia, Royal Canadian Mounted Police, rural [12837]",,..,..,..,..,..,..,..,..,..,..,..,..,..,..,..,..,..,..,..,..,..,..,..,..,..,..,..,..,..,..,..,..,..,..,..,..,..,..,..,..,..,..,..,..,..,..,..,..,..,..,..,..,..,..,..,..,..,..,..,..,..,..,..,..,..,..,..,..,..,..,..,..,..,..,..,..,..,..,..,..,..,..,..,..,..,..,..,..,..,..,..,..,..,..,..,..,..,..,..,..,..,..,..,..,..,..,..,..,..,..,..,..,..,..,..,..,..,..,..,..,..,..,..,..,..,..,..,..,..,..,..,..,..,..,..,..,..,..,..,..,..,..,..,..,..,..,..,..,..,..,..,..,..,..,..,..,..,..,..,..,..,..,..,..,..
"Pictou, Nova Scotia, Royal Canadian Mounted Police, rural [12838]",,..,..,..,..,..,..,..,..,..,..,..,..,..,..,..,..,..,..,..,..,..,..,..,..,..,..,..,..,..,..,..,..,..,..,..,..,..,..,..,..,..,..,..,..,..,..,..,..,..,..,..,..,..,..,..,..,..,..,..,..,..,..,..,..,..,..,..,..,..,..,..,..,..,..,..,..,..,..,..,..,..,..,..,..,..,..,..,..,..,..,..,..,..,..,..,..,..,..,..,..,..,..,..,..,..,..,..,..,..,..,..,..,..,..,..,..,..,..,..,..,..,..,..,..,..,..,..,..,..,..,..,..,..,..,..,..,..,..,..,..,..,..,..,..,..,..,..,..,..,..,..,..,..,..,..,..,..,..,..,..,..,..,..,..,..
"Truro, Nova Scotia, Royal Canadian Mounted Police, rural [12840]",,..,..,..,..,..,..,..,..,..,..,..,..,..,..,..,..,..,..,..,..,..,..,..,..,..,..,..,..,..,..,..,..,..,..,..,..,..,..,..,..,..,..,..,..,..,..,..,..,..,..,..,..,..,..,..,..,..,..,..,..,..,..,..,..,..,..,..,..,..,..,..,..,..,..,..,..,..,..,..,..,..,..,..,..,..,..,..,..,..,..,..,..,..,..,..,..,..,..,..,..,..,..,..,..,..,..,..,..,..,..,..,..,..,..,..,..,..,..,..,..,..,..,..,..,..,..,..,..,..,..,..,..,..,..,..,..,..,..,..,..,..,..,..,..,..,..,..,..,..,..,..,..,..,..,..,..,..,..,..,..,..,..,..,..,..
"Sydney, Nova Scotia, Royal Canadian Mounted Police, rural [12841]",,..,..,..,..,..,..,..,..,..,..,..,..,..,..,..,..,..,..,..,..,..,..,..,..,..,..,..,..,..,..,..,..,..,..,..,..,..,..,..,..,..,..,..,..,..,..,..,..,..,..,..,..,..,..,..,..,..,..,..,..,..,..,..,..,..,..,..,..,..,..,..,..,..,..,..,..,..,..,..,..,..,..,..,..,..,..,..,..,..,..,..,..,..,..,..,..,..,..,..,..,..,..,..,..,..,..,..,..,..,..,..,..,..,..,..,..,..,..,..,..,..,..,..,..,..,..,..,..,..,..,..,..,..,..,..,..,..,..,..,..,..,..,..,..,..,..,..,..,..,..,..,..,..,..,..,..,..,..,..,..,..,..,..,..,..
"Halifax, Nova Scotia, Royal Canadian Mounted Police, rural [12843]",,..,..,..,..,..,..,..,..,..,..,..,..,..,..,..,..,..,..,..,..,..,..,..,..,..,..,..,..,..,..,..,..,..,..,..,..,..,..,..,..,..,..,..,..,..,..,..,..,..,..,..,..,..,..,..,..,..,..,..,..,..,..,..,..,..,..,..,..,..,..,..,..,..,..,..,..,..,..,..,..,..,..,..,..,..,..,..,..,..,..,..,..,..,..,..,..,..,..,..,..,..,..,..,..,..,..,..,..,..,..,..,..,..,..,..,..,..,..,..,..,..,..,..,..,..,..,..,..,..,..,..,..,..,..,..,..,..,..,..,..,..,..,..,..,..,..,..,..,..,..,..,..,..,..,..,..,..,..,..,..,..,..,..,..,..
"Elmsdale Hants Co., Nova Scotia, Royal Canadian Mounted Police, rural [12844]",,..,..,..,..,..,..,..,..,..,..,..,..,..,..,..,..,..,..,..,..,..,..,..,..,..,..,..,..,..,..,..,..,..,..,..,..,..,..,..,..,..,..,..,..,..,..,..,..,..,..,..,..,..,..,..,..,..,..,..,..,..,..,..,..,..,..,..,..,..,..,..,..,..,..,..,..,..,..,..,..,..,..,..,..,..,..,..,..,..,..,..,..,..,..,..,..,..,..,..,..,..,..,..,..,..,..,..,..,..,..,..,..,..,..,..,..,..,..,..,..,..,..,..,..,..,..,..,..,..,..,..,..,..,..,..,..,..,..,..,..,..,..,..,..,..,..,..,..,..,..,..,..,..,..,..,..,..,..,..,..,..,..,..,..,..
"Musquodoboit, Nova Scotia, Royal Canadian Mounted Police, rural [12845]",,..,..,..,..,..,..,..,..,..,..,..,..,..,..,..,..,..,..,..,..,..,..,..,..,..,..,..,..,..,..,..,..,..,..,..,..,..,..,..,..,..,..,..,..,..,..,..,..,..,..,..,..,..,..,..,..,..,..,..,..,..,..,..,..,..,..,..,..,..,..,..,..,..,..,..,..,..,..,..,..,..,..,..,..,..,..,..,..,..,..,..,..,..,..,..,..,..,..,..,..,..,..,..,..,..,..,..,..,..,..,..,..,..,..,..,..,..,..,..,..,..,..,..,..,..,..,..,..,..,..,..,..,..,..,..,..,..,..,..,..,..,..,..,..,..,..,..,..,..,..,..,..,..,..,..,..,..,..,..,..,..,..,..,..,..
"Indian Brook, Nova Scotia, Royal Canadian Mounted Police, rural [12849]",,428,435,404,426,514,411,425,387,393,494,385,403,364,360,468,134,130,114,104,131,156,193,162,137,204,95,80,88,119,133,26,22,23,33,26,20,19,14,18,11,6,3,9,15,15,17,10,17,33,20,12,9,11,25,18,0,0,0,0,0,2,2,1,7,3,0,3,2,2,0,0,0,0,0,0,3,3,6,14,7,7,1,2,2,6,0,0,0,0,0,0,0,0,0,2,0,0,0,0,0,5,1,6,8,2,0,0,0,0,0,0,0,0,0,0,0,0,0,0,0,0,0,0,0,0,0,0,0,0,0,0,0,0,0,0,0,0,0,0,0,0,0,0,0,0,1,0,0,0,1,0,0,0,0,0,1,0,0,0,0,3,1,6,8,1
"Millbrook, Nova Scotia, Royal Canadian Mounted Police, rural [12850]",,236,298,320,344,433,217,280,307,328,403,197,247,287,316,381,55,82,87,89,73,91,108,133,166,194,51,57,67,61,114,20,33,20,12,22,19,30,19,11,18,1,3,1,1,4,19,18,13,16,30,14,16,9,12,17,0,0,0,0,0,1,3,2,0,6,0,2,1,1,2,0,0,0,0,0,5,4,2,2,8,1,3,4,6,1,0,0,0,0,0,7,4,0,3,0,1,0,1,0,0,4,2,3,4,13,0,0,0,0,0,0,0,0,0,0,0,0,0,0,0,0,0,0,0,0,0,0,0,0,0,0,0,0,0,0,1,1,1,0,0,0,0,0,0,0,0,0,0,1,2,0,0,0,0,0,0,0,0,0,0,3,1,2,3,11
"Halifax (Division Headquarters 1), Nova Scotia, Royal Canadian Mounted Police [12959]",,0,0,0,0,0,0,0,0,0,0,0,0,0,0,0,0,0,0,0,0,0,0,0,0,0,0,0,0,0,0,0,0,0,0,0,0,0,0,0,0,0,0,0,0,0,0,0,0,0,0,0,0,0,0,0,0,0,0,0,0,0,0,0,0,0,0,0,0,0,0,0,0,0,0,0,0,0,0,0,0,0,0,0,0,0,0,0,0,0,0,0,0,0,0,0,0,0,0,0,0,0,0,0,0,0,0,0,0,0,0,0,0,0,0,0,0,0,0,0,0,0,0,0,0,0,0,0,0,0,0,0,0,0,0,0,0,0,0,0,0,0,0,0,0,0,0,0,0,0,0,0,0,0,0,0,0,0,0,0,0,0,0,0,0,0
"Halifax (Division Headquarters 2), Nova Scotia, Royal Canadian Mounted Police [12970]",,0,0,0,0,0,0,0,0,0,0,0,0,0,0,0,0,0,0,0,0,0,0,0,0,0,0,0,0,0,0,0,0,0,0,0,0,0,0,0,0,0,0,0,0,0,0,0,0,0,0,0,0,0,0,0,0,0,0,0,0,0,0,0,0,0,0,0,0,0,0,0,0,0,0,0,0,0,0,0,0,0,0,0,0,0,0,0,0,0,0,0,0,0,0,0,0,0,0,0,0,0,0,0,0,0,0,0,0,0,0,0,0,0,0,0,0,0,0,0,0,0,0,0,0,0,0,0,0,0,0,0,0,0,0,0,0,0,0,0,0,0,0,0,0,0,0,0,0,0,0,0,0,0,0,0,0,0,0,0,0,0,0,0,0,0
"Port of Halifax, Nova Scotia, Ports Canada Police [12980]",,..,..,..,..,..,..,..,..,..,..,..,..,..,..,..,..,..,..,..,..,..,..,..,..,..,..,..,..,..,..,..,..,..,..,..,..,..,..,..,..,..,..,..,..,..,..,..,..,..,..,..,..,..,..,..,..,..,..,..,..,..,..,..,..,..,..,..,..,..,..,..,..,..,..,..,..,..,..,..,..,..,..,..,..,..,..,..,..,..,..,..,..,..,..,..,..,..,..,..,..,..,..,..,..,..,..,..,..,..,..,..,..,..,..,..,..,..,..,..,..,..,..,..,..,..,..,..,..,..,..,..,..,..,..,..,..,..,..,..,..,..,..,..,..,..,..,..,..,..,..,..,..,..,..,..,..,..,..,..,..,..,..,..,..,..
"Canadian National Railway Police, Nova Scotia [12990] 22",,105,157,158,51,17,7,38,28,17,15,7,37,28,17,14,1,0,1,0,6,4,33,27,17,8,2,4,0,0,0,0,1,0,0,1,0,1,0,0,0,0,0,0,0,1,98,119,130,34,2,0,1,1,1,0,0,0,0,0,0,0,0,0,0,0,0,0,0,0,0,0,0,0,0,0,0,0,1,0,0,0,0,0,0,0,0,0,0,0,0,0,1,0,1,0,0,0,0,0,0,98,118,129,33,2,0,0,0,0,0,0,0,0,0,0,0,0,0,0,0,0,0,0,0,0,0,0,0,0,0,0,0,0,0,0,0,0,0,0,0,0,0,0,0,0,0,0,0,0,0,0,0,0,0,0,0,0,0,0,0,98,118,129,33,2
New Brunswick [13],,53094,56940,57617,60399,57331,51052,55165,56275,59221,56162,46975,51556,52808,55589,52444,12802,13767,14262,15201,15008,25605,28828,29586,31262,28275,8568,8961,8960,9126,9161,4077,3609,3467,3632,3718,2622,2039,1946,2147,2117,1455,1570,1521,1485,1601,2042,1775,1342,1178,1169,1541,1259,1053,958,966,0,0,0,0,0,113,63,55,63,79,428,325,304,326,347,0,0,0,0,0,259,229,232,190,172,556,498,378,322,317,3,2,0,1,0,182,142,84,56,51,38,26,16,12,25,463,490,273,208,178,1,0,1,0,0,2,1,1,0,1,9,6,8,3,6,2,41,6,0,0,10,9,31,18,13,0,0,0,0,0,47,24,27,24,23,9,7,14,11,18,44,19,43,12,5,0,0,0,0,0,18,47,5,0,0,321,336,137,140,112
"Bathurst, New Brunswick, municipal [13001]",,1108,1004,1093,1279,1459,1084,986,1077,1260,1426,1041,955,1039,1218,1383,446,396,382,417,520,477,440,535,533,568,118,119,122,268,295,43,31,38,42,43,17,20,24,37,27,26,11,14,5,16,24,18,16,19,33,23,18,14,19,33,0,0,0,0,0,2,1,3,4,2,11,10,8,9,22,0,0,0,0,0,3,4,0,1,2,7,3,3,4,7,0,0,0,0,0,0,0,0,1,0,0,0,0,0,0,1,0,2,0,0,0,0,0,0,0,0,0,0,0,0,0,0,0,0,0,0,0,2,0,0,0,0,0,0,0,0,0,0,0,0,0,0,0,0,0,0,0,0,0,0,0,0,0,0,0,0,0,0,0,0,0,0,0,0,0,1,0,0,0,0
"Caraquet, New Brunswick, municipal [13002]",,..,..,..,..,..,..,..,..,..,..,..,..,..,..,..,..,..,..,..,..,..,..,..,..,..,..,..,..,..,..,..,..,..,..,..,..,..,..,..,..,..,..,..,..,..,..,..,..,..,..,..,..,..,..,..,..,..,..,..,..,..,..,..,..,..,..,..,..,..,..,..,..,..,..,..,..,..,..,..,..,..,..,..,..,..,..,..,..,..,..,..,..,..,..,..,..,..,..,..,..,..,..,..,..,..,..,..,..,..,..,..,..,..,..,..,..,..,..,..,..,..,..,..,..,..,..,..,..,..,..,..,..,..,..,..,..,..,..,..,..,..,..,..,..,..,..,..,..,..,..,..,..,..,..,..,..,..,..,..,..,..,..,..,..,..
"Edmundston, New Brunswick, municipal [13006]",,873,981,982,1362,1302,824,886,923,1313,1248,775,842,858,1251,1178,297,276,288,445,424,372,449,447,609,529,106,117,123,197,225,49,44,65,62,70,24,18,29,24,34,25,26,36,38,36,49,95,59,49,54,48,55,54,49,51,0,0,0,0,0,1,1,1,2,2,37,37,41,36,30,0,0,0,0,0,1,1,0,0,2,5,11,7,7,15,0,0,0,0,0,4,5,5,4,2,0,0,0,0,0,1,40,5,0,3,0,0,0,0,0,1,0,1,0,0,0,0,0,0,1,0,39,2,0,0,0,0,0,0,0,0,0,0,0,0,0,0,0,0,1,0,0,1,0,0,0,0,0,0,0,0,0,0,0,0,0,1,1,0,0,0,0,0,0,1
"Fredericton, New Brunswick, municipal [13007]",,4203,4475,5792,6145,5309,4134,4396,5736,6104,5260,3899,4130,5409,5794,4977,961,1055,1191,1327,1214,2036,2230,3342,3490,2794,902,845,876,977,969,235,266,327,310,283,114,141,166,197,170,121,125,161,113,113,69,79,56,41,49,68,76,56,41,48,0,0,0,0,0,17,5,2,5,9,40,40,32,18,16,0,0,0,0,0,5,5,7,4,6,5,24,13,13,17,0,0,0,0,0,1,2,2,1,0,0,0,0,0,0,1,3,0,0,1,0,0,0,0,0,0,0,0,0,0,0,0,0,0,0,0,0,0,0,0,0,1,0,0,0,0,0,0,0,0,0,0,0,0,0,0,0,0,0,1,1,0,0,0,0,0,0,0,0,0,0,1,0,0,0,0,1,0,0,0
"Sackville, New Brunswick, Royal Canadian Mounted Police, municipal [13008]",,367,414,419,383,567,354,404,418,376,557,324,383,404,355,520,74,78,88,94,156,194,250,254,219,287,56,55,62,42,77,30,21,14,21,37,20,9,8,14,20,10,12,6,7,17,13,10,1,7,10,12,7,1,6,7,0,0,0,0,0,2,0,0,0,1,3,1,0,4,1,0,0,0,0,0,3,2,0,1,2,3,1,1,0,0,0,0,0,0,0,1,3,0,1,3,0,0,0,0,0,1,3,0,1,3,0,0,0,0,0,0,0,0,0,0,0,0,0,0,0,0,0,0,0,0,0,0,0,0,0,0,0,0,0,0,0,0,0,0,0,0,1,0,0,0,0,0,0,0,0,0,0,0,0,0,0,0,0,0,0,1,2,0,1,3
"Blacks Harbour, New Brunswick, municipal [13009]",,..,..,..,..,..,..,..,..,..,..,..,..,..,..,..,..,..,..,..,..,..,..,..,..,..,..,..,..,..,..,..,..,..,..,..,..,..,..,..,..,..,..,..,..,..,..,..,..,..,..,..,..,..,..,..,..,..,..,..,..,..,..,..,..,..,..,..,..,..,..,..,..,..,..,..,..,..,..,..,..,..,..,..,..,..,..,..,..,..,..,..,..,..,..,..,..,..,..,..,..,..,..,..,..,..,..,..,..,..,..,..,..,..,..,..,..,..,..,..,..,..,..,..,..,..,..,..,..,..,..,..,..,..,..,..,..,..,..,..,..,..,..,..,..,..,..,..,..,..,..,..,..,..,..,..,..,..,..,..,..,..,..,..,..,..
"Clair, New Brunswick, Royal Canadian Mounted Police, rural [13011] 23",,161,170,168,195,189,148,167,163,192,179,133,160,147,183,167,42,44,59,74,59,74,104,72,93,93,17,12,16,16,15,15,7,16,9,12,11,3,7,6,9,4,4,9,3,3,13,3,5,3,10,7,3,2,2,9,0,0,0,0,0,1,0,0,0,0,2,0,1,0,0,0,0,0,0,0,1,0,0,0,2,3,2,0,2,5,0,0,0,0,0,0,1,1,0,2,0,0,0,0,0,6,0,3,1,1,0,0,0,0,0,0,0,0,0,0,2,0,0,0,0,0,0,0,0,0,1,0,1,0,1,0,0,0,0,0,2,0,1,0,0,0,0,1,1,0,0,0,0,0,0,0,0,0,0,0,1,0,0,0,0,0,0,0,0,0
"Grand Falls, New Brunswick, municipal [13012]",,370,318,369,428,447,358,305,359,423,440,329,281,338,397,418,107,124,108,125,144,181,120,201,216,211,41,37,29,56,63,29,24,21,26,22,5,10,6,14,4,24,14,15,12,18,12,13,10,5,7,10,8,8,5,4,0,0,0,0,0,2,0,0,0,1,5,4,3,3,2,0,0,0,0,0,1,0,1,0,0,2,3,4,2,1,0,0,0,0,0,0,1,0,0,0,0,0,0,0,0,2,5,2,0,3,0,0,0,0,0,0,0,0,0,0,0,0,0,0,0,0,2,1,0,0,1,1,1,0,0,0,0,0,0,0,0,0,0,0,0,0,1,0,0,3,0,0,0,0,0,0,0,0,0,0,1,1,0,0,0,0,0,0,0,0
"Grand Falls, New Brunswick, Royal Canadian Mounted Police, rural [13014] 23",,..,..,..,..,..,..,..,..,..,..,..,..,..,..,..,..,..,..,..,..,..,..,..,..,..,..,..,..,..,..,..,..,..,..,..,..,..,..,..,..,..,..,..,..,..,..,..,..,..,..,..,..,..,..,..,..,..,..,..,..,..,..,..,..,..,..,..,..,..,..,..,..,..,..,..,..,..,..,..,..,..,..,..,..,..,..,..,..,..,..,..,..,..,..,..,..,..,..,..,..,..,..,..,..,..,..,..,..,..,..,..,..,..,..,..,..,..,..,..,..,..,..,..,..,..,..,..,..,..,..,..,..,..,..,..,..,..,..,..,..,..,..,..,..,..,..,..,..,..,..,..,..,..,..,..,..,..,..,..,..,..,..,..,..,..
"Miramichi, New Brunswick, municipal [13015]",,1399,1316,1321,1261,1160,1319,1233,1253,1235,1118,1248,1165,1189,1172,1063,278,224,269,285,291,734,704,630,611,526,236,237,290,276,246,71,68,64,63,55,39,35,41,38,37,32,33,23,25,18,80,83,68,26,42,79,83,68,26,41,0,0,0,0,0,5,0,1,1,1,41,57,40,9,12,0,0,0,0,0,4,2,1,2,6,29,21,26,12,22,0,0,0,0,0,0,3,0,2,0,0,0,0,0,0,1,0,0,0,1,0,0,0,0,0,0,0,0,0,0,0,0,0,0,0,0,0,0,0,0,0,0,0,0,0,0,0,0,0,0,0,0,0,0,1,0,0,0,0,0,0,0,0,0,0,0,0,0,0,0,0,0,0,0,0,1,0,0,0,0
"Riviere Verte, New Brunswick, Royal Canadian Mounted Police, rural [13016] 23",,..,..,..,..,..,..,..,..,..,..,..,..,..,..,..,..,..,..,..,..,..,..,..,..,..,..,..,..,..,..,..,..,..,..,..,..,..,..,..,..,..,..,..,..,..,..,..,..,..,..,..,..,..,..,..,..,..,..,..,..,..,..,..,..,..,..,..,..,..,..,..,..,..,..,..,..,..,..,..,..,..,..,..,..,..,..,..,..,..,..,..,..,..,..,..,..,..,..,..,..,..,..,..,..,..,..,..,..,..,..,..,..,..,..,..,..,..,..,..,..,..,..,..,..,..,..,..,..,..,..,..,..,..,..,..,..,..,..,..,..,..,..,..,..,..,..,..,..,..,..,..,..,..,..,..,..,..,..,..,..,..,..,..,..,..
"Saint Leonard, New Brunswick, Royal Canadian Mounted Police, rural [13019] 23",,733,861,860,933,908,692,840,828,910,886,603,778,751,831,800,186,272,246,306,311,342,395,377,408,360,75,111,128,117,129,89,62,77,79,86,52,21,34,42,52,37,41,43,37,34,41,21,32,23,22,30,15,21,12,15,0,0,0,0,0,1,1,1,0,3,10,1,8,2,1,0,0,0,0,0,6,2,3,5,5,5,7,6,3,4,0,0,0,0,0,8,4,3,2,2,0,1,0,0,0,11,5,11,11,7,0,0,0,0,0,0,0,0,0,0,1,0,0,1,0,0,0,0,0,0,0,0,3,4,0,0,0,0,0,0,3,2,0,1,0,1,0,3,4,6,1,0,1,1,0,0,0,0,0,0,1,1,3,0,0,4,2,1,0,1
"Saint Quentin, New Brunswick, Royal Canadian Mounted Police, rural [13020] 23",,469,416,407,361,405,452,402,399,357,402,296,304,356,336,387,88,111,112,114,119,163,165,179,184,187,45,28,65,38,81,156,98,43,21,15,22,21,14,15,8,134,77,29,6,7,17,14,8,4,3,16,12,7,3,3,0,0,0,0,0,1,1,0,0,0,4,3,0,2,1,0,0,0,0,0,4,2,4,0,0,6,3,2,0,2,0,0,0,0,0,1,3,1,1,0,0,0,0,0,0,1,2,1,1,0,0,0,0,0,0,0,0,0,0,0,0,0,0,0,0,0,0,0,0,0,0,0,0,0,0,0,0,0,0,0,0,1,0,1,0,0,0,0,0,0,0,1,0,0,0,0,0,0,0,0,0,0,0,0,0,1,0,1,0,0
"Chaleur Region, New Brunswick, Royal Canadian Mounted Police, rural [13022] 23",,702,816,705,689,647,664,782,669,676,637,570,688,596,613,574,164,270,212,237,227,333,343,302,301,284,73,75,82,75,63,94,94,73,63,63,75,46,48,42,38,19,48,25,21,25,38,34,36,13,10,35,29,29,10,9,0,0,0,0,0,0,0,1,0,1,6,1,1,2,0,0,0,0,0,0,10,11,16,4,1,16,10,6,1,3,0,0,0,1,0,3,7,5,2,4,0,0,0,0,0,3,5,7,3,1,0,0,0,0,0,0,0,0,0,0,0,0,1,0,0,0,0,0,0,0,0,0,0,0,0,0,0,0,0,0,1,2,2,0,1,0,0,1,0,0,1,1,0,0,0,0,0,0,0,0,0,1,0,0,0,1,1,3,3,0
"Campbellton, New Brunswick, Royal Canadian Mounted Police, rural [13023] 23",,920,970,963,1097,642,890,947,933,1073,632,821,881,866,1000,587,230,273,256,294,193,496,525,494,553,324,95,83,116,153,70,69,66,67,73,45,45,48,28,36,27,24,18,39,37,18,30,23,30,24,10,26,19,27,22,7,0,0,0,0,0,0,1,2,2,0,3,1,1,1,1,0,0,0,0,0,12,8,14,10,2,5,6,8,8,3,0,0,0,0,0,6,3,2,1,1,0,0,0,0,0,4,4,3,2,3,0,0,0,0,0,1,0,0,0,0,0,0,0,0,1,0,0,0,0,0,0,0,0,0,0,0,0,0,0,0,2,0,1,1,1,0,0,0,0,0,0,0,0,1,0,0,0,0,0,0,1,2,0,0,0,0,2,2,0,1
"Kennebecasis Region, New Brunswick, municipal [13024]",,567,549,587,608,524,559,547,575,601,522,503,479,495,539,463,196,125,123,183,114,249,307,322,303,271,58,47,50,53,78,56,68,80,62,59,50,56,66,49,47,6,12,14,13,12,8,2,12,7,2,8,2,11,7,2,0,0,0,0,0,1,0,3,3,1,5,1,5,2,1,0,0,0,0,0,0,0,0,2,0,1,1,2,0,0,0,0,0,0,0,1,0,1,0,0,0,0,0,0,0,0,0,1,0,0,0,0,0,0,0,0,0,0,0,0,0,0,0,0,0,0,0,1,0,0,0,0,0,0,0,0,0,0,0,0,0,0,0,0,0,0,0,0,0,0,0,0,0,0,0,0,0,0,0,0,0,0,0,0,0,0,0,0,0,0
"Caraquet, New Brunswick, Royal Canadian Mounted Police, rural [13025] 23",,865,883,865,869,843,827,861,820,856,813,727,766,733,768,709,262,290,250,268,271,327,374,381,371,341,138,102,102,129,97,100,95,87,88,104,55,41,35,46,47,45,54,52,42,57,38,22,45,13,30,31,19,35,8,26,0,0,0,0,0,1,2,2,3,2,2,2,2,1,0,0,0,0,0,0,15,7,14,3,9,10,6,13,1,11,0,0,0,0,0,3,2,4,0,4,0,0,0,0,0,7,3,10,5,4,0,0,0,0,0,0,0,0,0,0,0,0,0,1,1,0,0,0,0,0,0,0,0,0,0,0,0,0,0,0,3,1,9,3,2,0,0,0,0,0,1,0,0,0,0,0,0,0,0,0,2,0,0,0,0,1,2,1,1,1
"Saint John, New Brunswick, municipal [13027] 19 24 25 26",,3902,4610,4283,4561,4987,3805,4520,4148,4455,4871,3707,4363,4019,4359,4747,1120,1087,1149,1191,1195,1776,2362,2046,2372,2750,811,914,824,796,802,98,157,129,96,124,59,92,85,73,80,39,65,44,23,44,97,90,135,106,116,27,37,46,35,39,0,0,0,0,0,10,9,2,5,7,3,8,4,2,11,0,0,0,0,0,7,12,26,10,7,7,8,14,18,14,0,0,0,0,0,0,0,0,0,0,5,6,7,7,14,65,47,82,64,63,1,0,1,0,0,0,0,0,0,0,0,0,0,0,0,0,0,0,0,0,0,0,0,0,0,0,0,0,0,0,0,0,0,0,0,0,0,0,0,0,0,0,0,0,0,0,0,0,0,0,0,0,0,0,0,64,47,81,64,63
"Lameque, New Brunswick, Royal Canadian Mounted Police, rural [13028] 23",,686,781,779,678,658,662,755,762,652,636,560,638,671,572,579,199,226,264,238,221,270,314,301,262,270,91,98,106,72,88,102,117,91,80,57,54,37,22,26,20,48,80,69,54,37,24,26,17,26,22,23,26,16,23,19,0,0,0,0,0,1,2,0,0,2,4,4,2,3,2,0,0,0,0,0,5,7,8,12,4,11,8,6,6,8,0,0,0,0,0,2,5,0,2,3,0,0,0,0,0,1,0,1,3,3,0,0,0,0,0,0,0,0,0,0,0,0,0,0,0,0,0,0,0,0,0,0,0,0,0,0,0,0,0,0,1,0,0,1,0,0,0,0,0,0,0,0,0,0,0,0,0,0,0,0,0,0,0,0,0,0,0,1,2,3
"Neguac, New Brunswick, Royal Canadian Mounted Police, rural [13029] 23",,918,898,949,851,885,884,861,915,839,866,809,791,833,778,810,307,304,253,269,293,400,406,446,403,408,102,81,134,106,109,75,70,82,61,56,60,44,41,38,29,15,26,41,23,27,34,37,34,12,19,29,33,33,10,15,0,0,0,0,0,0,0,0,0,1,4,2,7,1,5,0,0,0,0,0,6,13,11,3,8,14,18,14,5,1,0,0,0,0,0,5,0,1,1,0,0,0,0,0,0,5,4,1,2,4,0,0,0,0,0,0,0,0,0,0,0,0,0,0,0,0,0,0,0,0,0,0,0,0,0,0,0,0,0,0,0,3,0,0,0,0,0,0,0,0,0,0,1,0,0,0,0,0,0,0,0,0,0,0,0,5,1,0,2,4
"St. Stephen, New Brunswick, municipal [13032]",,..,..,..,..,..,..,..,..,..,..,..,..,..,..,..,..,..,..,..,..,..,..,..,..,..,..,..,..,..,..,..,..,..,..,..,..,..,..,..,..,..,..,..,..,..,..,..,..,..,..,..,..,..,..,..,..,..,..,..,..,..,..,..,..,..,..,..,..,..,..,..,..,..,..,..,..,..,..,..,..,..,..,..,..,..,..,..,..,..,..,..,..,..,..,..,..,..,..,..,..,..,..,..,..,..,..,..,..,..,..,..,..,..,..,..,..,..,..,..,..,..,..,..,..,..,..,..,..,..,..,..,..,..,..,..,..,..,..,..,..,..,..,..,..,..,..,..,..,..,..,..,..,..,..,..,..,..,..,..,..,..,..,..,..,..
"Sackville, New Brunswick, municipal [13033]",,..,..,..,..,..,..,..,..,..,..,..,..,..,..,..,..,..,..,..,..,..,..,..,..,..,..,..,..,..,..,..,..,..,..,..,..,..,..,..,..,..,..,..,..,..,..,..,..,..,..,..,..,..,..,..,..,..,..,..,..,..,..,..,..,..,..,..,..,..,..,..,..,..,..,..,..,..,..,..,..,..,..,..,..,..,..,..,..,..,..,..,..,..,..,..,..,..,..,..,..,..,..,..,..,..,..,..,..,..,..,..,..,..,..,..,..,..,..,..,..,..,..,..,..,..,..,..,..,..,..,..,..,..,..,..,..,..,..,..,..,..,..,..,..,..,..,..,..,..,..,..,..,..,..,..,..,..,..,..,..,..,..,..,..,..
"Shediac, New Brunswick, municipal [13034]",,..,..,..,..,..,..,..,..,..,..,..,..,..,..,..,..,..,..,..,..,..,..,..,..,..,..,..,..,..,..,..,..,..,..,..,..,..,..,..,..,..,..,..,..,..,..,..,..,..,..,..,..,..,..,..,..,..,..,..,..,..,..,..,..,..,..,..,..,..,..,..,..,..,..,..,..,..,..,..,..,..,..,..,..,..,..,..,..,..,..,..,..,..,..,..,..,..,..,..,..,..,..,..,..,..,..,..,..,..,..,..,..,..,..,..,..,..,..,..,..,..,..,..,..,..,..,..,..,..,..,..,..,..,..,..,..,..,..,..,..,..,..,..,..,..,..,..,..,..,..,..,..,..,..,..,..,..,..,..,..,..,..,..,..,..
"Sussex, New Brunswick, municipal [13036]",,..,..,..,..,..,..,..,..,..,..,..,..,..,..,..,..,..,..,..,..,..,..,..,..,..,..,..,..,..,..,..,..,..,..,..,..,..,..,..,..,..,..,..,..,..,..,..,..,..,..,..,..,..,..,..,..,..,..,..,..,..,..,..,..,..,..,..,..,..,..,..,..,..,..,..,..,..,..,..,..,..,..,..,..,..,..,..,..,..,..,..,..,..,..,..,..,..,..,..,..,..,..,..,..,..,..,..,..,..,..,..,..,..,..,..,..,..,..,..,..,..,..,..,..,..,..,..,..,..,..,..,..,..,..,..,..,..,..,..,..,..,..,..,..,..,..,..,..,..,..,..,..,..,..,..,..,..,..,..,..,..,..,..,..,..
"Woodstock, New Brunswick, municipal [13037]",,530,503,730,733,811,512,494,715,721,793,474,459,668,675,727,110,143,120,146,167,275,261,444,390,392,89,55,104,139,168,38,35,47,46,66,11,4,13,15,30,27,31,34,31,36,18,9,15,12,18,16,8,14,11,16,0,0,0,0,0,2,0,0,0,0,8,2,2,3,3,0,0,0,0,0,0,1,2,2,6,5,5,9,5,4,0,0,0,0,0,1,0,1,1,3,1,0,0,0,0,1,1,1,1,2,0,0,0,0,0,0,0,0,0,0,0,0,0,0,0,0,0,0,0,0,0,0,0,1,0,0,0,0,0,0,1,0,0,0,0,0,0,0,0,1,0,0,0,0,0,0,0,0,0,0,0,1,0,0,0,0,0,1,0,1
"Tracadie Sheila, New Brunswick, Royal Canadian Mounted Police, rural [13048] 23",,1416,1656,1584,1468,1389,1362,1599,1527,1432,1364,1228,1460,1396,1296,1225,531,630,559,445,446,513,651,625,612,578,184,179,212,239,201,134,139,131,136,139,88,66,55,73,51,46,73,76,63,88,54,57,57,36,25,41,42,49,31,20,0,0,0,0,0,3,1,0,2,1,6,13,7,7,3,0,0,0,0,0,7,7,20,10,14,16,18,15,7,1,0,0,0,0,0,9,3,7,5,1,0,0,0,0,0,13,15,8,5,5,0,0,0,0,0,0,0,0,0,0,1,3,3,0,0,1,0,0,0,0,0,0,0,0,0,0,0,0,0,0,5,2,2,2,5,0,0,0,0,0,0,1,1,0,0,0,0,0,0,0,0,2,0,0,0,6,7,2,3,0
"Blackville, New Brunswick, Royal Canadian Mounted Police, rural [13049] 23 27",,380,321,293,350,405,356,307,281,346,389,319,253,261,309,361,134,95,93,115,118,147,114,124,150,199,38,44,44,44,44,37,54,20,37,28,23,24,7,20,12,14,30,13,17,16,24,14,12,4,16,20,11,8,4,16,0,0,0,0,0,0,0,1,0,0,5,3,1,0,1,0,0,0,0,0,4,3,0,0,0,9,1,6,4,15,0,0,0,0,0,2,4,0,0,0,1,1,0,0,0,3,2,4,0,0,0,0,0,0,0,0,0,0,0,0,0,0,0,0,0,0,0,0,0,0,0,0,0,0,0,0,0,0,0,0,1,0,2,0,0,0,0,0,0,0,1,0,0,0,0,0,0,0,0,0,1,0,0,0,0,0,2,2,0,0
"BNPP Regional, New Brunswick, municipal [13050]",,249,276,235,252,280,249,272,233,250,279,232,254,216,235,256,109,90,86,98,118,102,116,110,112,113,21,48,20,25,25,17,18,17,15,23,7,13,12,12,15,10,5,5,3,8,0,4,2,2,1,0,4,2,2,1,0,0,0,0,0,0,0,1,0,0,0,0,0,0,0,0,0,0,0,0,0,3,0,0,0,0,1,1,1,1,0,0,0,0,0,0,0,0,1,0,0,0,0,0,0,0,0,0,0,0,0,0,0,0,0,0,0,0,0,0,0,0,0,0,0,0,0,0,0,0,0,0,0,0,0,0,0,0,0,0,0,0,0,0,0,0,0,0,0,0,0,0,0,0,0,0,0,0,0,0,0,0,0,0,0,0,0,0,0,0
"St. Basile, New Brunswick, municipal [13051]",,..,..,..,..,..,..,..,..,..,..,..,..,..,..,..,..,..,..,..,..,..,..,..,..,..,..,..,..,..,..,..,..,..,..,..,..,..,..,..,..,..,..,..,..,..,..,..,..,..,..,..,..,..,..,..,..,..,..,..,..,..,..,..,..,..,..,..,..,..,..,..,..,..,..,..,..,..,..,..,..,..,..,..,..,..,..,..,..,..,..,..,..,..,..,..,..,..,..,..,..,..,..,..,..,..,..,..,..,..,..,..,..,..,..,..,..,..,..,..,..,..,..,..,..,..,..,..,..,..,..,..,..,..,..,..,..,..,..,..,..,..,..,..,..,..,..,..,..,..,..,..,..,..,..,..,..,..,..,..,..,..,..,..,..,..
"Rivière-Verte, New Brunswick, municipal [13054]",,..,..,..,..,..,..,..,..,..,..,..,..,..,..,..,..,..,..,..,..,..,..,..,..,..,..,..,..,..,..,..,..,..,..,..,..,..,..,..,..,..,..,..,..,..,..,..,..,..,..,..,..,..,..,..,..,..,..,..,..,..,..,..,..,..,..,..,..,..,..,..,..,..,..,..,..,..,..,..,..,..,..,..,..,..,..,..,..,..,..,..,..,..,..,..,..,..,..,..,..,..,..,..,..,..,..,..,..,..,..,..,..,..,..,..,..,..,..,..,..,..,..,..,..,..,..,..,..,..,..,..,..,..,..,..,..,..,..,..,..,..,..,..,..,..,..,..,..,..,..,..,..,..,..,..,..,..,..,..,..,..,..,..,..,..
"Doaktown, New Brunswick, Royal Canadian Mounted Police, rural [13055] 23",,199,252,207,223,228,186,244,203,219,222,165,217,187,202,203,47,71,78,64,74,93,125,91,111,112,25,21,18,27,17,21,27,16,17,19,17,14,14,13,12,4,13,2,4,7,13,8,4,4,6,11,8,4,4,6,0,0,0,0,0,0,1,1,1,0,4,0,0,0,2,0,0,0,0,0,2,0,0,0,1,4,2,3,3,2,0,0,0,0,0,1,5,0,0,1,0,0,0,0,0,2,0,0,0,0,0,0,0,0,0,0,0,0,0,0,0,0,0,0,0,0,0,0,0,0,0,0,0,0,0,0,0,0,0,0,1,0,0,0,0,0,0,0,0,0,0,0,0,0,0,0,0,0,0,0,0,0,0,0,0,1,0,0,0,0
"Rogersville, New Brunswick, Royal Canadian Mounted Police, rural [13056] 23",,300,239,226,272,222,290,237,221,269,219,260,223,207,264,212,80,72,65,86,92,149,135,126,158,102,31,16,16,20,18,30,14,14,5,7,22,10,12,4,2,8,4,2,1,5,10,2,5,3,3,10,2,4,3,3,0,0,0,0,0,0,0,1,0,0,0,1,1,0,0,0,0,0,0,0,3,0,1,0,0,5,0,1,3,3,0,0,0,0,0,2,1,0,0,0,0,0,0,0,0,0,0,1,0,0,0,0,0,0,0,0,0,0,0,0,0,0,0,0,0,0,0,0,0,0,0,0,0,0,0,0,0,0,0,0,0,0,0,0,0,0,0,0,0,0,0,0,0,0,0,0,0,0,0,0,0,0,0,0,0,0,0,1,0,0
"Sunny Corner, New Brunswick, Royal Canadian Mounted Police, rural [13057] 23",,550,519,444,443,506,526,487,436,430,496,484,453,412,393,457,146,141,163,143,175,258,256,184,195,234,80,56,65,55,48,42,34,24,37,39,35,24,15,24,25,7,10,9,13,14,24,32,8,13,10,17,27,6,10,9,0,0,0,0,0,0,0,0,0,0,1,2,2,3,4,0,0,0,0,0,1,3,0,2,1,13,21,4,4,4,0,1,0,0,0,2,0,0,1,0,4,2,0,0,0,3,3,2,3,1,0,0,0,0,0,0,0,0,0,0,0,0,0,0,0,0,0,0,0,0,0,0,0,0,0,0,0,0,0,0,1,0,1,0,1,0,0,0,0,0,2,0,1,0,0,0,0,0,0,0,0,0,0,0,0,0,3,0,3,0
"Bouctouche, New Brunswick, Royal Canadian Mounted Police, rural [13058] 23",,530,538,436,397,206,509,525,428,391,204,467,489,393,380,189,127,118,109,90,74,273,323,239,260,95,67,48,45,30,20,42,36,35,11,15,31,19,12,6,9,11,17,23,5,6,21,13,8,6,2,20,13,6,5,1,0,0,0,0,0,1,0,1,0,0,1,0,0,1,0,0,0,0,0,0,4,1,3,0,0,6,7,1,4,0,1,0,0,0,0,7,5,1,0,1,0,0,0,0,0,1,0,2,1,1,0,0,0,0,0,0,0,0,0,0,0,0,0,0,0,0,0,0,0,0,0,0,0,0,0,0,0,0,0,0,0,0,0,0,0,0,0,0,0,0,1,0,0,0,0,0,0,0,0,0,0,0,0,0,0,0,0,2,1,1
"Richibucto, New Brunswick, Royal Canadian Mounted Police, rural [13059] 23",,863,1047,1113,1171,1011,806,1019,1097,1148,1003,710,933,1014,1033,916,204,296,306,315,287,381,494,518,541,465,125,143,190,177,164,96,86,83,115,87,76,52,47,63,45,20,34,36,52,42,57,28,16,23,8,53,22,12,20,6,0,0,0,0,0,1,0,1,1,0,7,1,3,3,1,0,0,0,0,0,7,5,3,4,2,31,13,4,10,3,0,0,0,0,0,7,3,1,2,0,0,0,1,0,0,4,6,3,3,2,0,0,0,0,0,0,0,0,0,0,2,0,0,1,0,0,0,0,0,0,0,0,0,0,0,0,0,0,0,0,0,1,3,0,0,0,1,0,0,0,0,0,0,1,1,0,0,0,0,0,1,0,0,0,0,1,4,0,1,1
"Shediac, New Brunswick, Royal Canadian Mounted Police, rural [13060] 23",,1391,1479,1363,1575,1656,1331,1429,1327,1543,1621,1178,1301,1205,1416,1495,283,357,337,403,392,696,753,715,816,911,199,191,153,197,192,153,128,122,127,126,125,81,77,84,68,28,47,45,43,58,60,50,36,32,35,51,42,30,26,31,0,0,0,0,0,7,3,2,3,1,11,8,5,10,11,0,0,0,0,0,12,11,6,6,12,10,10,10,6,4,0,0,0,0,0,11,10,7,1,3,1,1,0,0,0,8,7,6,6,4,0,0,0,0,0,0,0,0,0,0,0,1,2,0,2,0,0,0,0,0,0,0,0,0,0,0,0,0,0,0,1,1,0,1,1,1,0,0,0,0,1,4,0,1,0,0,0,0,0,0,2,1,0,0,0,3,0,4,4,1
"Caledonia Region, New Brunswick, Royal Canadian Mounted Police, rural [13062] 23",,1413,1394,1457,1403,1424,1377,1374,1438,1383,1405,1206,1266,1318,1280,1260,269,339,319,333,341,807,797,850,813,727,130,130,149,134,192,171,108,120,103,145,124,69,68,64,96,47,39,52,39,49,36,20,19,20,19,28,15,10,17,14,0,0,0,0,0,4,2,0,0,2,4,3,3,6,7,0,0,0,0,0,6,4,4,5,2,9,6,2,6,3,0,0,0,0,0,5,0,1,0,0,1,0,0,0,0,7,5,9,3,5,0,0,0,0,0,0,1,0,0,0,0,0,0,0,0,0,0,0,0,0,0,0,0,0,0,0,0,0,0,0,2,0,0,0,0,0,0,0,0,0,2,0,5,0,2,0,0,0,0,0,0,1,0,0,0,3,3,4,3,3
"Sackville, New Brunswick, Royal Canadian Mounted Police, rural [13063] 23",,538,468,535,543,253,515,457,527,529,248,454,414,492,480,225,113,93,120,155,85,288,279,297,276,107,53,42,75,49,33,61,43,35,49,23,45,28,21,27,16,16,15,14,22,7,23,11,8,14,5,18,10,6,12,4,0,0,0,0,0,2,1,0,0,0,2,0,0,3,1,0,0,0,0,0,6,2,2,4,2,3,4,2,5,0,0,0,0,0,0,5,3,2,0,1,0,0,0,0,0,5,1,2,2,1,0,0,0,0,0,0,0,0,0,0,0,0,0,0,0,0,0,0,0,0,0,0,0,0,0,0,0,0,0,0,1,0,0,0,0,0,0,0,0,0,1,0,0,0,0,0,0,0,0,0,0,0,0,0,0,3,1,2,2,1
"Hampton, New Brunswick, Royal Canadian Mounted Police, rural [13064] 23",,686,590,647,724,336,670,573,639,716,335,597,535,578,640,278,158,134,168,162,87,367,348,308,336,159,72,53,102,142,32,73,38,61,76,57,66,31,37,33,31,7,7,24,43,26,16,17,8,8,1,11,13,5,7,0,0,0,0,0,0,1,2,0,2,0,2,0,0,0,0,0,0,0,0,0,0,3,0,4,0,3,5,4,1,0,0,0,0,0,0,5,3,1,0,0,0,0,0,0,1,5,4,3,1,0,0,0,0,0,0,0,0,0,0,0,0,2,0,0,0,0,0,0,0,0,0,0,0,0,0,0,0,0,0,0,0,1,0,0,0,0,0,0,0,0,3,0,2,0,0,0,0,0,0,0,0,0,0,0,0,2,1,1,1,0
"Sussex, New Brunswick, Royal Canadian Mounted Police, rural [13065] 23",,1144,1170,1244,1537,1200,1124,1152,1223,1509,1181,1030,1058,1152,1420,1097,241,327,245,339,322,643,575,721,878,609,146,156,186,203,166,94,94,71,89,84,77,71,52,57,52,17,23,19,32,32,20,18,21,28,19,15,17,14,20,15,0,0,0,0,0,0,3,1,1,1,8,6,5,9,7,0,0,0,0,0,0,3,0,3,2,3,2,3,7,5,0,0,0,0,0,4,3,5,0,0,3,0,0,3,2,2,1,7,5,2,0,0,0,0,0,0,0,0,0,0,0,0,0,0,0,0,0,0,0,0,0,0,0,0,0,0,0,0,0,0,0,1,2,3,1,0,0,0,0,0,0,0,3,0,0,0,0,0,0,0,0,0,0,0,0,2,0,2,2,1
"Grand Bay Westfield, New Brunswick, Royal Canadian Mounted Police, rural [13066] 23",,408,372,452,475,463,400,358,444,468,461,346,313,400,415,388,95,74,122,101,113,208,209,237,269,227,43,30,41,45,48,54,45,44,53,73,46,25,22,35,41,8,20,22,18,32,8,14,8,7,2,5,10,5,6,2,0,0,0,0,0,1,0,1,3,0,0,0,1,2,0,0,0,0,0,0,2,3,0,0,1,0,5,2,1,1,0,0,0,0,0,2,2,1,0,0,0,0,0,0,0,3,4,3,1,0,0,0,0,0,0,0,0,0,0,0,0,0,0,0,0,0,0,0,0,0,0,0,0,0,0,0,0,0,0,0,1,1,0,0,0,0,0,0,0,0,2,0,0,0,0,0,0,0,0,0,0,1,0,0,0,0,2,3,1,0
"St George, New Brunswick, Royal Canadian Mounted Police, rural [13067] 23",,488,561,564,668,624,471,551,552,663,619,419,497,523,622,575,145,164,137,166,163,206,276,281,337,308,68,57,105,119,104,52,54,29,41,44,39,35,18,33,32,13,19,11,8,12,17,10,12,5,5,9,7,2,3,4,0,0,0,0,0,1,0,1,0,0,3,3,1,0,1,0,0,0,0,0,0,1,0,1,0,1,2,0,0,3,0,0,0,0,0,4,1,0,2,0,0,0,3,0,1,8,3,7,2,0,0,0,0,0,0,0,0,0,0,0,1,0,1,0,0,0,0,0,0,0,0,0,0,1,0,0,0,0,0,0,1,0,0,0,0,0,0,0,0,0,3,1,2,0,0,0,0,0,0,0,1,0,0,0,0,2,2,4,1,0
"St Stephen, New Brunswick, Royal Canadian Mounted Police, rural [13068] 23",,818,1115,1296,1325,1255,783,1080,1268,1302,1235,717,1016,1219,1240,1130,230,290,312,275,250,353,549,681,757,636,134,177,226,208,244,66,64,49,62,105,46,37,32,28,65,20,27,17,34,40,35,35,28,23,20,30,22,9,20,14,0,0,0,0,0,3,2,1,3,0,9,3,3,9,4,0,0,0,0,0,1,3,1,0,2,14,10,2,7,7,0,0,0,0,0,3,4,2,1,1,0,0,2,0,0,5,13,17,3,6,0,0,0,0,0,0,0,0,0,0,0,0,0,0,0,0,0,0,0,0,1,1,15,1,3,0,0,0,0,0,1,1,0,0,0,1,3,1,0,1,2,1,0,1,0,0,0,0,0,0,0,4,0,0,0,0,3,1,1,2
"Campobello, New Brunswick, Royal Canadian Mounted Police, rural [13069] 23",,10,23,21,15,26,9,22,21,15,26,7,19,16,13,22,6,2,5,5,7,1,15,9,7,9,0,2,2,1,6,2,3,5,2,4,2,1,5,2,2,0,2,0,0,2,1,1,0,0,0,1,0,0,0,0,0,0,0,0,0,0,0,0,0,0,0,0,0,0,0,0,0,0,0,0,0,0,0,0,0,1,0,0,0,0,0,0,0,0,0,0,0,0,0,0,0,0,0,0,0,0,1,0,0,0,0,0,0,0,0,0,0,0,0,0,0,0,0,0,0,0,0,0,0,0,0,0,0,0,0,0,0,0,0,0,0,0,0,0,0,0,0,0,0,0,0,0,0,0,0,0,0,0,0,0,0,1,0,0,0,0,0,0,0,0
"Deer Island, New Brunswick, Royal Canadian Mounted Police, rural [13070] 23",,15,25,13,21,17,14,24,13,20,17,14,24,13,19,16,3,8,4,4,8,10,14,8,15,7,1,2,1,0,1,0,0,0,1,1,0,0,0,1,1,0,0,0,0,0,1,1,0,1,0,0,1,0,1,0,0,0,0,0,0,0,0,0,0,0,0,0,0,0,0,0,0,0,0,0,0,1,0,1,0,0,0,0,0,0,0,0,0,0,0,0,0,0,0,0,0,0,0,0,0,1,0,0,0,0,0,0,0,0,0,0,0,0,0,0,0,0,0,0,0,0,0,0,0,0,1,0,0,0,0,0,0,0,0,0,0,0,0,0,0,0,0,0,0,0,0,0,0,0,0,0,0,0,0,0,0,0,0,0,0,0,0,0,0,0
"Grand Manan, New Brunswick, Royal Canadian Mounted Police, rural [13071] 23",,160,225,240,322,218,158,213,232,310,212,142,197,205,284,190,57,64,75,97,84,65,100,83,141,79,20,33,47,46,27,16,16,27,26,22,13,13,20,19,16,3,3,7,7,6,2,12,8,12,6,1,7,7,11,4,0,0,0,0,0,0,1,2,0,3,0,2,1,0,0,0,0,0,0,0,0,0,3,9,1,1,3,1,2,0,0,0,0,0,0,0,1,0,0,0,0,0,0,0,0,1,5,1,1,2,0,0,0,0,0,0,0,0,0,0,0,0,0,0,1,0,0,0,0,0,0,0,0,0,0,0,0,0,0,0,0,0,0,1,0,0,0,0,0,0,0,1,0,0,0,0,0,0,0,0,0,2,0,0,0,1,2,1,0,1
"McAdam, New Brunswick, Royal Canadian Mounted Police, rural [13072] 23",,151,132,188,187,145,140,124,184,181,142,130,114,178,172,131,20,17,35,29,31,94,77,121,115,77,16,20,22,28,23,10,10,6,9,11,3,5,3,4,9,7,5,3,5,2,11,8,4,6,3,8,7,2,2,2,0,0,0,0,0,0,0,0,0,0,2,2,0,0,0,0,0,0,0,0,1,3,0,2,1,4,1,2,0,1,0,0,0,0,0,1,1,0,0,0,0,0,0,0,0,3,1,2,4,1,0,0,0,0,0,0,0,0,0,0,1,0,0,0,0,0,0,0,0,0,2,0,1,4,0,0,0,0,0,0,0,0,0,0,0,0,0,0,0,1,0,1,1,0,0,0,0,0,0,0,0,0,0,0,0,0,0,0,0,0
"Elsipogtog, New Brunswick, Royal Canadian Mounted Police, rural [13073] 23",,805,844,945,1050,918,756,808,917,1006,887,708,774,883,947,834,251,257,331,340,304,295,326,343,402,298,162,191,209,205,232,48,34,34,59,53,43,29,31,54,42,5,5,3,5,11,49,36,28,44,31,45,34,26,44,25,0,0,0,0,0,0,2,1,3,4,4,3,3,3,3,0,0,0,0,0,18,10,10,16,5,22,17,12,22,12,0,0,0,0,0,1,2,0,0,1,0,0,0,0,0,4,2,2,0,6,0,0,0,0,0,0,0,0,0,0,0,0,0,0,0,0,0,0,0,0,0,0,0,0,0,0,0,0,0,0,0,0,0,0,0,0,0,0,0,0,1,0,1,0,1,0,0,0,0,0,1,0,0,0,0,2,2,1,0,5
"Chipman, New Brunswick, Royal Canadian Mounted Police, rural [13074] 23",,128,166,180,223,181,127,163,180,220,177,119,151,170,215,168,43,40,50,51,52,64,96,100,138,80,12,15,20,26,36,8,12,10,5,9,8,11,8,1,5,0,1,2,4,4,1,3,0,3,4,1,3,0,3,4,0,0,0,0,0,0,0,0,0,2,0,0,0,1,0,0,0,0,0,0,0,0,0,0,1,1,3,0,1,1,0,0,0,0,0,0,0,0,1,0,0,0,0,0,0,0,0,0,0,0,0,0,0,0,0,0,0,0,0,0,0,0,0,0,0,0,0,0,0,0,0,0,0,0,0,0,0,0,0,0,0,0,0,0,0,0,0,0,0,0,0,0,0,0,0,0,0,0,0,0,0,0,0,0,0,0,0,0,0,0
"Keswick, New Brunswick, Royal Canadian Mounted Police, rural [13075] 23",,1038,974,1146,1153,1129,1001,954,1128,1144,1114,916,870,1052,1059,1045,245,278,296,283,290,550,498,611,640,588,121,94,145,136,167,85,84,76,85,69,59,62,57,52,36,26,22,19,33,33,37,20,18,9,15,20,17,16,8,13,0,0,0,0,0,1,1,2,1,0,4,1,5,2,2,0,0,0,0,0,2,2,4,2,4,7,6,4,2,6,0,0,0,0,0,6,7,1,1,1,6,0,0,0,1,11,3,2,1,1,0,0,0,0,0,0,0,0,0,0,0,0,0,0,0,0,0,0,0,0,0,0,0,0,0,0,0,0,0,0,1,2,0,0,0,0,0,1,0,0,5,0,1,1,1,0,0,0,0,0,2,1,0,0,0,3,0,0,0,0
"Minto, New Brunswick, Royal Canadian Mounted Police, rural [13076] 23",,348,448,450,453,512,339,444,443,446,500,316,418,429,427,457,103,175,135,127,148,184,193,241,242,229,29,50,53,58,80,23,26,14,19,43,18,15,11,14,24,5,11,3,5,19,9,4,7,7,12,7,3,5,6,9,0,0,0,0,0,1,1,0,1,1,1,0,0,1,1,0,0,0,0,0,0,0,1,1,2,3,2,2,3,5,0,0,0,0,0,2,0,2,0,0,0,0,0,0,0,2,1,2,1,3,0,0,0,0,0,0,0,0,0,0,0,0,0,0,0,0,0,0,0,0,0,0,0,0,0,0,0,0,0,0,1,0,0,1,3,0,0,0,0,0,0,0,2,0,0,0,0,0,0,0,0,0,0,0,0,1,1,0,0,0
"Nackawic, New Brunswick, Royal Canadian Mounted Police, rural [13077] 23",,301,309,387,347,432,288,296,378,344,425,249,278,359,325,408,85,82,93,95,108,144,162,234,191,250,20,34,32,39,50,39,18,19,19,17,32,13,14,13,12,7,5,5,6,5,13,13,9,3,7,11,12,7,2,7,0,0,0,0,0,0,1,0,0,0,0,0,1,0,3,0,0,0,0,0,7,4,4,1,3,1,5,2,1,1,0,0,0,0,0,3,2,0,0,0,0,0,0,0,0,2,1,2,1,0,0,0,0,0,0,0,0,0,0,0,0,0,1,0,0,0,0,0,0,0,0,0,0,1,0,0,0,0,0,0,1,0,1,0,0,0,0,0,0,0,0,1,0,0,0,0,0,0,0,0,0,0,0,0,0,1,0,0,0,0
"Oromotco, New Brunswick, Royal Canadian Mounted Police, rural [13078] 23",,1155,1254,1427,1477,1008,1129,1214,1408,1462,995,1045,1140,1327,1354,942,271,348,302,342,236,654,651,849,821,537,120,141,176,191,169,84,74,81,108,53,66,53,51,56,36,18,21,30,52,17,26,40,19,15,13,16,31,15,12,10,0,0,0,0,0,3,3,1,1,1,3,5,3,1,3,0,0,0,0,0,5,11,4,5,4,3,9,4,5,2,0,0,0,0,0,2,3,3,0,0,1,0,1,1,1,9,9,3,2,2,0,0,0,0,0,0,0,0,0,0,0,0,0,0,0,0,0,0,0,0,0,0,0,0,0,0,0,0,0,0,3,2,0,1,1,0,0,0,0,0,3,0,0,0,0,0,0,0,0,0,1,2,0,0,0,2,5,3,1,1
"Perth Andover, New Brunswick, Royal Canadian Mounted Police, rural [13080] 23",,728,833,762,730,800,707,813,745,714,782,628,740,683,621,685,171,201,211,160,194,349,426,358,376,372,108,113,114,85,119,79,73,62,93,97,30,22,11,28,23,49,51,51,65,74,21,20,17,16,18,18,16,12,14,11,0,0,0,0,0,1,1,2,0,0,7,3,2,3,3,0,0,0,0,0,2,3,1,2,1,6,7,7,8,6,0,0,0,0,0,2,2,0,1,1,0,0,0,0,0,3,4,5,2,7,0,0,0,0,0,0,0,0,0,0,0,0,0,0,0,0,0,0,0,0,1,0,1,0,5,0,0,0,0,0,0,0,0,0,2,0,0,2,2,0,2,0,2,0,0,0,0,0,0,0,0,4,0,0,0,0,0,0,0,0
"Western Valley Region, New Brunswick, Royal Canadian Mounted Police, rural [13082] 23",,1701,2032,1998,2052,1504,1626,1973,1960,2022,1472,1393,1808,1818,1858,1377,342,407,445,512,396,871,1183,1071,1069,736,180,218,302,277,245,233,165,142,164,95,61,41,44,65,45,172,124,98,99,50,75,59,38,30,32,57,47,19,17,19,0,0,0,0,0,6,1,2,2,3,16,14,5,2,6,0,0,0,0,0,10,9,3,3,2,20,17,8,9,5,1,0,0,0,0,4,6,1,1,3,0,0,0,0,0,18,12,19,13,13,0,0,0,0,0,0,0,0,0,0,0,0,0,0,0,1,0,0,0,0,3,6,9,5,4,0,0,0,0,0,2,0,0,1,1,5,1,3,4,4,4,2,5,1,0,0,0,0,0,0,1,2,1,0,0,2,1,1,2,4
"Tobique, New Brunswick, Royal Canadian Mounted Police, rural [13083] 23",,285,305,265,347,295,270,299,253,341,285,254,280,241,320,254,88,87,102,116,87,105,148,97,132,104,61,45,42,72,63,16,19,12,21,31,8,11,6,12,13,8,8,6,9,18,15,6,12,6,10,11,5,11,6,10,0,0,0,0,0,0,0,0,0,0,5,2,3,0,1,0,0,0,0,0,5,1,5,4,5,1,2,3,2,4,0,0,0,0,0,0,0,0,0,0,0,0,0,0,0,4,1,1,0,0,0,0,0,0,0,0,0,0,0,0,0,0,0,0,0,0,0,0,0,0,0,0,0,0,0,0,0,0,0,0,0,0,0,0,0,0,0,0,0,0,1,0,1,0,0,0,0,0,0,0,0,0,0,0,0,3,1,0,0,0
"Shippagan, New Brunswick, New Brunswick Highway Patrol [13509]",,..,..,..,..,..,..,..,..,..,..,..,..,..,..,..,..,..,..,..,..,..,..,..,..,..,..,..,..,..,..,..,..,..,..,..,..,..,..,..,..,..,..,..,..,..,..,..,..,..,..,..,..,..,..,..,..,..,..,..,..,..,..,..,..,..,..,..,..,..,..,..,..,..,..,..,..,..,..,..,..,..,..,..,..,..,..,..,..,..,..,..,..,..,..,..,..,..,..,..,..,..,..,..,..,..,..,..,..,..,..,..,..,..,..,..,..,..,..,..,..,..,..,..,..,..,..,..,..,..,..,..,..,..,..,..,..,..,..,..,..,..,..,..,..,..,..,..,..,..,..,..,..,..,..,..,..,..,..,..,..,..,..,..,..,..
"Fredericton, New Brunswick, Royal Canadian Mounted Police, rural [13700]",,..,..,..,..,..,..,..,..,..,..,..,..,..,..,..,..,..,..,..,..,..,..,..,..,..,..,..,..,..,..,..,..,..,..,..,..,..,..,..,..,..,..,..,..,..,..,..,..,..,..,..,..,..,..,..,..,..,..,..,..,..,..,..,..,..,..,..,..,..,..,..,..,..,..,..,..,..,..,..,..,..,..,..,..,..,..,..,..,..,..,..,..,..,..,..,..,..,..,..,..,..,..,..,..,..,..,..,..,..,..,..,..,..,..,..,..,..,..,..,..,..,..,..,..,..,..,..,..,..,..,..,..,..,..,..,..,..,..,..,..,..,..,..,..,..,..,..,..,..,..,..,..,..,..,..,..,..,..,..,..,..,..,..,..,..
"Caledonia District, New Brunswick, Royal Canadian Mounted Police, rural [13701] 23",,..,..,..,..,..,..,..,..,..,..,..,..,..,..,..,..,..,..,..,..,..,..,..,..,..,..,..,..,..,..,..,..,..,..,..,..,..,..,..,..,..,..,..,..,..,..,..,..,..,..,..,..,..,..,..,..,..,..,..,..,..,..,..,..,..,..,..,..,..,..,..,..,..,..,..,..,..,..,..,..,..,..,..,..,..,..,..,..,..,..,..,..,..,..,..,..,..,..,..,..,..,..,..,..,..,..,..,..,..,..,..,..,..,..,..,..,..,..,..,..,..,..,..,..,..,..,..,..,..,..,..,..,..,..,..,..,..,..,..,..,..,..,..,..,..,..,..,..,..,..,..,..,..,..,..,..,..,..,..,..,..,..,..,..,..
"South East District, New Brunswick, Royal Canadian Mounted Police, rural [13702] 23",,..,..,..,..,..,..,..,..,..,..,..,..,..,..,..,..,..,..,..,..,..,..,..,..,..,..,..,..,..,..,..,..,..,..,..,..,..,..,..,..,..,..,..,..,..,..,..,..,..,..,..,..,..,..,..,..,..,..,..,..,..,..,..,..,..,..,..,..,..,..,..,..,..,..,..,..,..,..,..,..,..,..,..,..,..,..,..,..,..,..,..,..,..,..,..,..,..,..,..,..,..,..,..,..,..,..,..,..,..,..,..,..,..,..,..,..,..,..,..,..,..,..,..,..,..,..,..,..,..,..,..,..,..,..,..,..,..,..,..,..,..,..,..,..,..,..,..,..,..,..,..,..,..,..,..,..,..,..,..,..,..,..,..,..,..
"Richibucto, New Brunswick, Royal Canadian Mounted Police, municipal [13703]",,..,..,..,..,..,..,..,..,..,..,..,..,..,..,..,..,..,..,..,..,..,..,..,..,..,..,..,..,..,..,..,..,..,..,..,..,..,..,..,..,..,..,..,..,..,..,..,..,..,..,..,..,..,..,..,..,..,..,..,..,..,..,..,..,..,..,..,..,..,..,..,..,..,..,..,..,..,..,..,..,..,..,..,..,..,..,..,..,..,..,..,..,..,..,..,..,..,..,..,..,..,..,..,..,..,..,..,..,..,..,..,..,..,..,..,..,..,..,..,..,..,..,..,..,..,..,..,..,..,..,..,..,..,..,..,..,..,..,..,..,..,..,..,..,..,..,..,..,..,..,..,..,..,..,..,..,..,..,..,..,..,..,..,..,..
"St. Andrews, New Brunswick, Royal Canadian Mounted Police, municipal [13704]",,84,96,66,127,224,82,94,65,126,221,72,89,64,125,208,11,31,20,29,42,43,47,32,84,137,18,11,12,12,29,10,5,1,1,13,9,3,0,1,10,1,2,1,0,3,2,2,1,1,3,2,2,1,0,3,0,0,0,0,0,1,0,0,0,0,0,1,0,0,1,0,0,0,0,0,1,0,0,0,0,0,0,1,0,2,0,0,0,0,0,0,1,0,0,0,0,0,0,0,0,0,0,0,1,0,0,0,0,0,0,0,0,0,0,0,0,0,0,0,0,0,0,0,0,0,0,0,0,1,0,0,0,0,0,0,0,0,0,0,0,0,0,0,0,0,0,0,0,0,0,0,0,0,0,0,0,0,0,0,0,0,0,0,0,0
"Bouctouche, New Brunswick, Royal Canadian Mounted Police, municipal [13705]",,231,162,108,156,325,213,159,106,156,320,196,145,95,148,283,57,32,24,34,83,107,89,61,102,155,32,24,10,12,45,17,14,11,8,37,12,10,6,5,12,5,4,5,3,25,18,3,2,0,5,18,2,2,0,4,0,0,0,0,0,1,0,0,0,1,4,0,1,0,2,0,0,0,0,0,0,0,0,0,0,9,2,1,0,1,0,0,0,0,0,4,0,0,0,0,0,0,0,0,0,0,1,0,0,1,0,0,0,0,0,0,0,0,0,0,0,0,0,0,0,0,0,0,0,0,0,0,0,0,0,0,0,0,0,0,0,0,0,0,0,0,0,0,0,0,0,0,0,0,0,0,0,0,0,0,0,0,0,0,0,0,1,0,0,1
"Campbellton, New Brunswick, Royal Canadian Mounted Police, municipal [13706]",,835,1018,903,1033,1144,801,995,877,1009,1125,765,959,824,959,1065,290,284,278,345,350,343,505,375,426,538,132,170,171,188,177,36,36,53,50,60,31,29,34,34,35,5,7,19,16,25,34,23,26,24,19,25,21,24,21,19,0,0,0,0,0,0,2,4,1,1,3,6,5,8,2,0,0,0,0,0,6,4,8,5,6,14,8,5,5,10,0,0,0,0,0,2,1,2,2,0,0,0,0,0,0,9,2,2,3,0,0,0,0,0,0,0,0,0,0,0,0,0,0,0,0,0,0,0,0,0,0,0,0,0,0,0,0,0,0,0,5,1,0,3,0,0,0,0,0,0,0,1,0,0,0,0,0,0,0,0,0,0,0,0,0,4,0,2,0,0
"Neguac, New Brunswick, Royal Canadian Mounted Police, municipal [13707]",,..,..,..,..,..,..,..,..,..,..,..,..,..,..,..,..,..,..,..,..,..,..,..,..,..,..,..,..,..,..,..,..,..,..,..,..,..,..,..,..,..,..,..,..,..,..,..,..,..,..,..,..,..,..,..,..,..,..,..,..,..,..,..,..,..,..,..,..,..,..,..,..,..,..,..,..,..,..,..,..,..,..,..,..,..,..,..,..,..,..,..,..,..,..,..,..,..,..,..,..,..,..,..,..,..,..,..,..,..,..,..,..,..,..,..,..,..,..,..,..,..,..,..,..,..,..,..,..,..,..,..,..,..,..,..,..,..,..,..,..,..,..,..,..,..,..,..,..,..,..,..,..,..,..,..,..,..,..,..,..,..,..,..,..,..
"Saint Quentin, New Brunswick, Royal Canadian Mounted Police, municipal [13708]",,..,..,..,..,..,..,..,..,..,..,..,..,..,..,..,..,..,..,..,..,..,..,..,..,..,..,..,..,..,..,..,..,..,..,..,..,..,..,..,..,..,..,..,..,..,..,..,..,..,..,..,..,..,..,..,..,..,..,..,..,..,..,..,..,..,..,..,..,..,..,..,..,..,..,..,..,..,..,..,..,..,..,..,..,..,..,..,..,..,..,..,..,..,..,..,..,..,..,..,..,..,..,..,..,..,..,..,..,..,..,..,..,..,..,..,..,..,..,..,..,..,..,..,..,..,..,..,..,..,..,..,..,..,..,..,..,..,..,..,..,..,..,..,..,..,..,..,..,..,..,..,..,..,..,..,..,..,..,..,..,..,..,..,..,..
"Codiac Regional, New Brunswick, Royal Canadian Mounted Police, municipal [13709]",,14024,15117,14250,14353,13614,13534,14740,13946,13999,13287,12703,14084,13282,13277,12519,2598,2666,3069,3093,3081,7148,8174,7653,7817,7153,2957,3244,2560,2367,2285,831,656,664,722,768,603,433,431,452,467,228,223,233,270,301,490,377,304,354,327,458,331,281,330,309,0,0,0,0,0,26,10,11,12,21,122,69,84,154,165,0,0,0,0,0,62,52,42,40,30,198,171,126,106,86,1,0,0,0,0,49,29,18,18,7,15,15,2,1,5,17,31,21,23,13,0,0,0,0,0,0,0,0,0,1,0,0,0,0,0,0,0,0,0,0,0,0,0,0,0,0,0,0,0,0,5,2,3,3,2,1,0,1,0,1,3,3,11,5,0,0,0,0,0,0,2,18,0,0,0,6,8,6,15,9
"Fredericton (offshore), New Brunswick, Royal Canadian Mounted Police, rural [13710] 23",,47,28,42,31,44,46,26,42,31,44,46,25,42,31,44,27,1,2,8,8,4,0,0,0,4,15,24,40,23,32,0,1,0,0,0,0,0,0,0,0,0,1,0,0,0,1,2,0,0,0,0,2,0,0,0,0,0,0,0,0,0,0,0,0,0,0,0,0,0,0,0,0,0,0,0,0,0,0,0,0,0,1,0,0,0,0,1,0,0,0,0,0,0,0,0,0,0,0,0,0,1,0,0,0,0,0,0,0,0,0,0,0,0,0,0,0,0,0,0,0,0,0,0,0,0,0,0,0,0,0,0,0,0,0,0,0,0,0,0,0,0,0,0,0,0,1,0,0,0,0,0,0,0,0,0,0,0,0,0,0,0,0,0,0,0
"Fredericton, New Brunswick, Royal Canadian Mounted Police, rural [13750]",,..,..,..,..,..,..,..,..,..,..,..,..,..,..,..,..,..,..,..,..,..,..,..,..,..,..,..,..,..,..,..,..,..,..,..,..,..,..,..,..,..,..,..,..,..,..,..,..,..,..,..,..,..,..,..,..,..,..,..,..,..,..,..,..,..,..,..,..,..,..,..,..,..,..,..,..,..,..,..,..,..,..,..,..,..,..,..,..,..,..,..,..,..,..,..,..,..,..,..,..,..,..,..,..,..,..,..,..,..,..,..,..,..,..,..,..,..,..,..,..,..,..,..,..,..,..,..,..,..,..,..,..,..,..,..,..,..,..,..,..,..,..,..,..,..,..,..,..,..,..,..,..,..,..,..,..,..,..,..,..,..,..,..,..,..
"Cap-Pelé, New Brunswick, Royal Canadian Mounted Police, municipal [13751]",,..,..,..,..,..,..,..,..,..,..,..,..,..,..,..,..,..,..,..,..,..,..,..,..,..,..,..,..,..,..,..,..,..,..,..,..,..,..,..,..,..,..,..,..,..,..,..,..,..,..,..,..,..,..,..,..,..,..,..,..,..,..,..,..,..,..,..,..,..,..,..,..,..,..,..,..,..,..,..,..,..,..,..,..,..,..,..,..,..,..,..,..,..,..,..,..,..,..,..,..,..,..,..,..,..,..,..,..,..,..,..,..,..,..,..,..,..,..,..,..,..,..,..,..,..,..,..,..,..,..,..,..,..,..,..,..,..,..,..,..,..,..,..,..,..,..,..,..,..,..,..,..,..,..,..,..,..,..,..,..,..,..,..,..,..
"Madawaska/Victoria District, New Brunswick, Royal Canadian Mounted Police, rural [13756] 23",,..,..,..,..,..,..,..,..,..,..,..,..,..,..,..,..,..,..,..,..,..,..,..,..,..,..,..,..,..,..,..,..,..,..,..,..,..,..,..,..,..,..,..,..,..,..,..,..,..,..,..,..,..,..,..,..,..,..,..,..,..,..,..,..,..,..,..,..,..,..,..,..,..,..,..,..,..,..,..,..,..,..,..,..,..,..,..,..,..,..,..,..,..,..,..,..,..,..,..,..,..,..,..,..,..,..,..,..,..,..,..,..,..,..,..,..,..,..,..,..,..,..,..,..,..,..,..,..,..,..,..,..,..,..,..,..,..,..,..,..,..,..,..,..,..,..,..,..,..,..,..,..,..,..,..,..,..,..,..,..,..,..,..,..,..
"Charlotte/The Isles District, New Brunswick, Royal Canadian Mounted Police, rural [13757] 23",,..,..,..,..,..,..,..,..,..,..,..,..,..,..,..,..,..,..,..,..,..,..,..,..,..,..,..,..,..,..,..,..,..,..,..,..,..,..,..,..,..,..,..,..,..,..,..,..,..,..,..,..,..,..,..,..,..,..,..,..,..,..,..,..,..,..,..,..,..,..,..,..,..,..,..,..,..,..,..,..,..,..,..,..,..,..,..,..,..,..,..,..,..,..,..,..,..,..,..,..,..,..,..,..,..,..,..,..,..,..,..,..,..,..,..,..,..,..,..,..,..,..,..,..,..,..,..,..,..,..,..,..,..,..,..,..,..,..,..,..,..,..,..,..,..,..,..,..,..,..,..,..,..,..,..,..,..,..,..,..,..,..,..,..,..
"McAdam, New Brunswick, Royal Canadian Mounted Police, municipal [13769]",,..,..,..,..,..,..,..,..,..,..,..,..,..,..,..,..,..,..,..,..,..,..,..,..,..,..,..,..,..,..,..,..,..,..,..,..,..,..,..,..,..,..,..,..,..,..,..,..,..,..,..,..,..,..,..,..,..,..,..,..,..,..,..,..,..,..,..,..,..,..,..,..,..,..,..,..,..,..,..,..,..,..,..,..,..,..,..,..,..,..,..,..,..,..,..,..,..,..,..,..,..,..,..,..,..,..,..,..,..,..,..,..,..,..,..,..,..,..,..,..,..,..,..,..,..,..,..,..,..,..,..,..,..,..,..,..,..,..,..,..,..,..,..,..,..,..,..,..,..,..,..,..,..,..,..,..,..,..,..,..,..,..,..,..,..
"Oromocto District, New Brunswick, Royal Canadian Mounted Police, rural [13770] 23",,..,..,..,..,..,..,..,..,..,..,..,..,..,..,..,..,..,..,..,..,..,..,..,..,..,..,..,..,..,..,..,..,..,..,..,..,..,..,..,..,..,..,..,..,..,..,..,..,..,..,..,..,..,..,..,..,..,..,..,..,..,..,..,..,..,..,..,..,..,..,..,..,..,..,..,..,..,..,..,..,..,..,..,..,..,..,..,..,..,..,..,..,..,..,..,..,..,..,..,..,..,..,..,..,..,..,..,..,..,..,..,..,..,..,..,..,..,..,..,..,..,..,..,..,..,..,..,..,..,..,..,..,..,..,..,..,..,..,..,..,..,..,..,..,..,..,..,..,..,..,..,..,..,..,..,..,..,..,..,..,..,..,..,..,..
"Minto, New Brunswick, Royal Canadian Mounted Police, municipal [13774]",,..,..,..,..,..,..,..,..,..,..,..,..,..,..,..,..,..,..,..,..,..,..,..,..,..,..,..,..,..,..,..,..,..,..,..,..,..,..,..,..,..,..,..,..,..,..,..,..,..,..,..,..,..,..,..,..,..,..,..,..,..,..,..,..,..,..,..,..,..,..,..,..,..,..,..,..,..,..,..,..,..,..,..,..,..,..,..,..,..,..,..,..,..,..,..,..,..,..,..,..,..,..,..,..,..,..,..,..,..,..,..,..,..,..,..,..,..,..,..,..,..,..,..,..,..,..,..,..,..,..,..,..,..,..,..,..,..,..,..,..,..,..,..,..,..,..,..,..,..,..,..,..,..,..,..,..,..,..,..,..,..,..,..,..,..
"Oromocto, New Brunswick, Royal Canadian Mounted Police, municipal [13776]",,504,573,720,825,1147,487,569,709,819,1123,457,521,664,770,1052,113,167,167,184,335,278,263,409,478,546,66,91,88,108,171,30,48,45,49,71,27,34,35,34,52,3,14,10,15,19,17,4,11,6,24,12,3,6,2,23,0,0,0,0,0,2,2,0,1,2,5,0,1,0,4,0,0,0,0,0,1,0,0,1,6,3,0,4,0,6,0,0,0,0,0,1,1,1,0,5,0,0,0,0,0,5,1,5,4,1,0,0,0,0,0,0,0,0,0,0,1,0,0,0,0,0,0,0,0,0,0,0,0,0,0,0,0,0,0,0,1,0,0,1,0,0,0,0,0,0,1,0,3,0,0,0,0,0,0,0,0,0,0,0,0,2,1,2,3,1
"St. John, New Brunswick, Royal Canadian Mounted Police, rural [13784]",,..,..,..,..,..,..,..,..,..,..,..,..,..,..,..,..,..,..,..,..,..,..,..,..,..,..,..,..,..,..,..,..,..,..,..,..,..,..,..,..,..,..,..,..,..,..,..,..,..,..,..,..,..,..,..,..,..,..,..,..,..,..,..,..,..,..,..,..,..,..,..,..,..,..,..,..,..,..,..,..,..,..,..,..,..,..,..,..,..,..,..,..,..,..,..,..,..,..,..,..,..,..,..,..,..,..,..,..,..,..,..,..,..,..,..,..,..,..,..,..,..,..,..,..,..,..,..,..,..,..,..,..,..,..,..,..,..,..,..,..,..,..,..,..,..,..,..,..,..,..,..,..,..,..,..,..,..,..,..,..,..,..,..,..,..
"Edmundston, New Brunswick, Royal Canadian Mounted Police, rural [13790]",,..,..,..,..,..,..,..,..,..,..,..,..,..,..,..,..,..,..,..,..,..,..,..,..,..,..,..,..,..,..,..,..,..,..,..,..,..,..,..,..,..,..,..,..,..,..,..,..,..,..,..,..,..,..,..,..,..,..,..,..,..,..,..,..,..,..,..,..,..,..,..,..,..,..,..,..,..,..,..,..,..,..,..,..,..,..,..,..,..,..,..,..,..,..,..,..,..,..,..,..,..,..,..,..,..,..,..,..,..,..,..,..,..,..,..,..,..,..,..,..,..,..,..,..,..,..,..,..,..,..,..,..,..,..,..,..,..,..,..,..,..,..,..,..,..,..,..,..,..,..,..,..,..,..,..,..,..,..,..,..,..,..,..,..,..
"St. John, New Brunswick, Royal Canadian Mounted Police, rural [13793]",,..,..,..,..,..,..,..,..,..,..,..,..,..,..,..,..,..,..,..,..,..,..,..,..,..,..,..,..,..,..,..,..,..,..,..,..,..,..,..,..,..,..,..,..,..,..,..,..,..,..,..,..,..,..,..,..,..,..,..,..,..,..,..,..,..,..,..,..,..,..,..,..,..,..,..,..,..,..,..,..,..,..,..,..,..,..,..,..,..,..,..,..,..,..,..,..,..,..,..,..,..,..,..,..,..,..,..,..,..,..,..,..,..,..,..,..,..,..,..,..,..,..,..,..,..,..,..,..,..,..,..,..,..,..,..,..,..,..,..,..,..,..,..,..,..,..,..,..,..,..,..,..,..,..,..,..,..,..,..,..,..,..,..,..,..
"Kent District, New Brunswick, Royal Canadian Mounted Police, rural [13794] 23",,..,..,..,..,..,..,..,..,..,..,..,..,..,..,..,..,..,..,..,..,..,..,..,..,..,..,..,..,..,..,..,..,..,..,..,..,..,..,..,..,..,..,..,..,..,..,..,..,..,..,..,..,..,..,..,..,..,..,..,..,..,..,..,..,..,..,..,..,..,..,..,..,..,..,..,..,..,..,..,..,..,..,..,..,..,..,..,..,..,..,..,..,..,..,..,..,..,..,..,..,..,..,..,..,..,..,..,..,..,..,..,..,..,..,..,..,..,..,..,..,..,..,..,..,..,..,..,..,..,..,..,..,..,..,..,..,..,..,..,..,..,..,..,..,..,..,..,..,..,..,..,..,..,..,..,..,..,..,..,..,..,..,..,..,..
"Carleton District, New Brunswick, Royal Canadian Mounted Police, rural [13834] 23",,..,..,..,..,..,..,..,..,..,..,..,..,..,..,..,..,..,..,..,..,..,..,..,..,..,..,..,..,..,..,..,..,..,..,..,..,..,..,..,..,..,..,..,..,..,..,..,..,..,..,..,..,..,..,..,..,..,..,..,..,..,..,..,..,..,..,..,..,..,..,..,..,..,..,..,..,..,..,..,..,..,..,..,..,..,..,..,..,..,..,..,..,..,..,..,..,..,..,..,..,..,..,..,..,..,..,..,..,..,..,..,..,..,..,..,..,..,..,..,..,..,..,..,..,..,..,..,..,..,..,..,..,..,..,..,..,..,..,..,..,..,..,..,..,..,..,..,..,..,..,..,..,..,..,..,..,..,..,..,..,..,..,..,..,..
"Hampton, New Brunswick, Royal Canadian Mounted Police, municipal [13855]",,185,181,138,182,424,181,180,131,182,420,164,170,118,166,367,42,31,29,44,108,93,108,51,96,179,29,31,38,26,80,17,10,13,16,53,17,9,11,12,26,0,1,2,4,27,4,1,7,0,4,3,0,5,0,4,0,0,0,0,0,0,0,0,0,2,1,0,1,0,1,0,0,0,0,0,1,0,0,0,0,1,0,2,0,0,0,0,0,0,0,0,0,2,0,1,0,0,0,0,0,1,1,2,0,0,0,0,0,0,0,0,0,0,0,0,0,0,0,0,0,0,0,0,0,0,0,0,0,0,0,0,0,0,0,0,0,0,0,0,0,0,0,0,0,0,1,1,0,0,0,0,0,0,0,0,0,0,0,0,0,0,0,2,0,0
"Moncton, New Brunswick, Royal Canadian Mounted Police, rural [13857]",,..,..,..,..,..,..,..,..,..,..,..,..,..,..,..,..,..,..,..,..,..,..,..,..,..,..,..,..,..,..,..,..,..,..,..,..,..,..,..,..,..,..,..,..,..,..,..,..,..,..,..,..,..,..,..,..,..,..,..,..,..,..,..,..,..,..,..,..,..,..,..,..,..,..,..,..,..,..,..,..,..,..,..,..,..,..,..,..,..,..,..,..,..,..,..,..,..,..,..,..,..,..,..,..,..,..,..,..,..,..,..,..,..,..,..,..,..,..,..,..,..,..,..,..,..,..,..,..,..,..,..,..,..,..,..,..,..,..,..,..,..,..,..,..,..,..,..,..,..,..,..,..,..,..,..,..,..,..,..,..,..,..,..,..,..
"Bathurst, New Brunswick, Royal Canadian Mounted Police, rural [13859]",,..,..,..,..,..,..,..,..,..,..,..,..,..,..,..,..,..,..,..,..,..,..,..,..,..,..,..,..,..,..,..,..,..,..,..,..,..,..,..,..,..,..,..,..,..,..,..,..,..,..,..,..,..,..,..,..,..,..,..,..,..,..,..,..,..,..,..,..,..,..,..,..,..,..,..,..,..,..,..,..,..,..,..,..,..,..,..,..,..,..,..,..,..,..,..,..,..,..,..,..,..,..,..,..,..,..,..,..,..,..,..,..,..,..,..,..,..,..,..,..,..,..,..,..,..,..,..,..,..,..,..,..,..,..,..,..,..,..,..,..,..,..,..,..,..,..,..,..,..,..,..,..,..,..,..,..,..,..,..,..,..,..,..,..,..
"Moncton, New Brunswick, Royal Canadian Mounted Police, rural [13860]",,..,..,..,..,..,..,..,..,..,..,..,..,..,..,..,..,..,..,..,..,..,..,..,..,..,..,..,..,..,..,..,..,..,..,..,..,..,..,..,..,..,..,..,..,..,..,..,..,..,..,..,..,..,..,..,..,..,..,..,..,..,..,..,..,..,..,..,..,..,..,..,..,..,..,..,..,..,..,..,..,..,..,..,..,..,..,..,..,..,..,..,..,..,..,..,..,..,..,..,..,..,..,..,..,..,..,..,..,..,..,..,..,..,..,..,..,..,..,..,..,..,..,..,..,..,..,..,..,..,..,..,..,..,..,..,..,..,..,..,..,..,..,..,..,..,..,..,..,..,..,..,..,..,..,..,..,..,..,..,..,..,..,..,..,..
"St. John, New Brunswick, Royal Canadian Mounted Police, rural [13863]",,..,..,..,..,..,..,..,..,..,..,..,..,..,..,..,..,..,..,..,..,..,..,..,..,..,..,..,..,..,..,..,..,..,..,..,..,..,..,..,..,..,..,..,..,..,..,..,..,..,..,..,..,..,..,..,..,..,..,..,..,..,..,..,..,..,..,..,..,..,..,..,..,..,..,..,..,..,..,..,..,..,..,..,..,..,..,..,..,..,..,..,..,..,..,..,..,..,..,..,..,..,..,..,..,..,..,..,..,..,..,..,..,..,..,..,..,..,..,..,..,..,..,..,..,..,..,..,..,..,..,..,..,..,..,..,..,..,..,..,..,..,..,..,..,..,..,..,..,..,..,..,..,..,..,..,..,..,..,..,..,..,..,..,..,..
"Miramichi District, New Brunswick, Royal Canadian Mounted Police, rural [13865] 23",,..,..,..,..,..,..,..,..,..,..,..,..,..,..,..,..,..,..,..,..,..,..,..,..,..,..,..,..,..,..,..,..,..,..,..,..,..,..,..,..,..,..,..,..,..,..,..,..,..,..,..,..,..,..,..,..,..,..,..,..,..,..,..,..,..,..,..,..,..,..,..,..,..,..,..,..,..,..,..,..,..,..,..,..,..,..,..,..,..,..,..,..,..,..,..,..,..,..,..,..,..,..,..,..,..,..,..,..,..,..,..,..,..,..,..,..,..,..,..,..,..,..,..,..,..,..,..,..,..,..,..,..,..,..,..,..,..,..,..,..,..,..,..,..,..,..,..,..,..,..,..,..,..,..,..,..,..,..,..,..,..,..,..,..,..
"Restigouche/Chaleur District, New Brunswick, Royal Canadian Mounted Police, rural [13866] 23",,..,..,..,..,..,..,..,..,..,..,..,..,..,..,..,..,..,..,..,..,..,..,..,..,..,..,..,..,..,..,..,..,..,..,..,..,..,..,..,..,..,..,..,..,..,..,..,..,..,..,..,..,..,..,..,..,..,..,..,..,..,..,..,..,..,..,..,..,..,..,..,..,..,..,..,..,..,..,..,..,..,..,..,..,..,..,..,..,..,..,..,..,..,..,..,..,..,..,..,..,..,..,..,..,..,..,..,..,..,..,..,..,..,..,..,..,..,..,..,..,..,..,..,..,..,..,..,..,..,..,..,..,..,..,..,..,..,..,..,..,..,..,..,..,..,..,..,..,..,..,..,..,..,..,..,..,..,..,..,..,..,..,..,..,..
"Acadian Peninsula District, New Brunswick, Royal Canadian Mounted Police, rural [13880] 23",,..,..,..,..,..,..,..,..,..,..,..,..,..,..,..,..,..,..,..,..,..,..,..,..,..,..,..,..,..,..,..,..,..,..,..,..,..,..,..,..,..,..,..,..,..,..,..,..,..,..,..,..,..,..,..,..,..,..,..,..,..,..,..,..,..,..,..,..,..,..,..,..,..,..,..,..,..,..,..,..,..,..,..,..,..,..,..,..,..,..,..,..,..,..,..,..,..,..,..,..,..,..,..,..,..,..,..,..,..,..,..,..,..,..,..,..,..,..,..,..,..,..,..,..,..,..,..,..,..,..,..,..,..,..,..,..,..,..,..,..,..,..,..,..,..,..,..,..,..,..,..,..,..,..,..,..,..,..,..,..,..,..,..,..,..
"Kennebecasis District, New Brunswick, Royal Canadian Mounted Police, rural [13881] 23",,..,..,..,..,..,..,..,..,..,..,..,..,..,..,..,..,..,..,..,..,..,..,..,..,..,..,..,..,..,..,..,..,..,..,..,..,..,..,..,..,..,..,..,..,..,..,..,..,..,..,..,..,..,..,..,..,..,..,..,..,..,..,..,..,..,..,..,..,..,..,..,..,..,..,..,..,..,..,..,..,..,..,..,..,..,..,..,..,..,..,..,..,..,..,..,..,..,..,..,..,..,..,..,..,..,..,..,..,..,..,..,..,..,..,..,..,..,..,..,..,..,..,..,..,..,..,..,..,..,..,..,..,..,..,..,..,..,..,..,..,..,..,..,..,..,..,..,..,..,..,..,..,..,..,..,..,..,..,..,..,..,..,..,..,..
"Fredericton (Division Headquarters 1), New Brunswick, Royal Canadian Mounted Police [13959]",,0,0,0,0,0,0,0,0,0,0,0,0,0,0,0,0,0,0,0,0,0,0,0,0,0,0,0,0,0,0,0,0,0,0,0,0,0,0,0,0,0,0,0,0,0,0,0,0,0,0,0,0,0,0,0,0,0,0,0,0,0,0,0,0,0,0,0,0,0,0,0,0,0,0,0,0,0,0,0,0,0,0,0,0,0,0,0,0,0,0,0,0,0,0,0,0,0,0,0,0,0,0,0,0,0,0,0,0,0,0,0,0,0,0,0,0,0,0,0,0,0,0,0,0,0,0,0,0,0,0,0,0,0,0,0,0,0,0,0,0,0,0,0,0,0,0,0,0,0,0,0,0,0,0,0,0,0,0,0,0,0,0,0,0,0
"Fredericton (Division Headquarters 2), New Brunswick, Royal Canadian Mounted Police [13970]",,0,0,0,0,0,0,0,0,0,0,0,0,0,0,0,0,0,0,0,0,0,0,0,0,0,0,0,0,0,0,0,0,0,0,0,0,0,0,0,0,0,0,0,0,0,0,0,0,0,0,0,0,0,0,0,0,0,0,0,0,0,0,0,0,0,0,0,0,0,0,0,0,0,0,0,0,0,0,0,0,0,0,0,0,0,0,0,0,0,0,0,0,0,0,0,0,0,0,0,0,0,0,0,0,0,0,0,0,0,0,0,0,0,0,0,0,0,0,0,0,0,0,0,0,0,0,0,0,0,0,0,0,0,0,0,0,0,0,0,0,0,0,0,0,0,0,0,0,0,0,0,0,0,0,0,0,0,0,0,0,0,0,0,0,0
"Canadian National Railway Police, New Brunswick [13990] 22",,213,233,0,56,23,21,5,0,33,21,20,5,0,33,21,0,0,0,0,0,20,4,0,31,20,0,1,0,2,1,1,0,0,0,0,0,0,0,0,0,1,0,0,0,0,192,228,0,23,2,0,0,0,0,0,0,0,0,0,0,0,0,0,0,0,0,0,0,0,0,0,0,0,0,0,0,0,0,0,0,0,0,0,0,0,0,0,0,0,0,0,0,0,0,0,0,0,0,0,0,192,228,0,23,2,0,0,0,0,0,0,0,0,0,0,0,0,0,0,0,0,0,0,0,0,0,0,0,0,0,0,0,0,0,0,0,0,0,0,0,0,0,0,0,0,0,0,0,0,0,0,0,0,0,0,0,0,0,0,0,192,228,0,23,2
,,,,,,,,,,,,,,,,,,,,,,,,,,,,,,,,,,,,,,,,,,,,,,,,,,,,,,,,,,,,,,,,,,,,,,,,,,,,,,,,,,,,,,,,,,,,,,,,,,,,,,,,,,,,,,,,,,,,,,,,,,,,,,,,,,,,,,,,,,,,,,,,,,,,,,,,,,,,,,,,,,,,,,
Symbol legend:,,,,,,,,,,,,,,,,,,,,,,,,,,,,,,,,,,,,,,,,,,,,,,,,,,,,,,,,,,,,,,,,,,,,,,,,,,,,,,,,,,,,,,,,,,,,,,,,,,,,,,,,,,,,,,,,,,,,,,,,,,,,,,,,,,,,,,,,,,,,,,,,,,,,,,,,,,,,,,,,,,,,,,
.., not available for a specific reference period,,,,,,,,,,,,,,,,,,,,,,,,,,,,,,,,,,,,,,,,,,,,,,,,,,,,,,,,,,,,,,,,,,,,,,,,,,,,,,,,,,,,,,,,,,,,,,,,,,,,,,,,,,,,,,,,,,,,,,,,,,,,,,,,,,,,,,,,,,,,,,,,,,,,,,,,,,,,,,,,,,,,,
,,,,,,,,,,,,,,,,,,,,,,,,,,,,,,,,,,,,,,,,,,,,,,,,,,,,,,,,,,,,,,,,,,,,,,,,,,,,,,,,,,,,,,,,,,,,,,,,,,,,,,,,,,,,,,,,,,,,,,,,,,,,,,,,,,,,,,,,,,,,,,,,,,,,,,,,,,,,,,,,,,,,,,
,,,,,,,,,,,,,,,,,,,,,,,,,,,,,,,,,,,,,,,,,,,,,,,,,,,,,,,,,,,,,,,,,,,,,,,,,,,,,,,,,,,,,,,,,,,,,,,,,,,,,,,,,,,,,,,,,,,,,,,,,,,,,,,,,,,,,,,,,,,,,,,,,,,,,,,,,,,,,,,,,,,,,,
Table Corrections:,,,,,,,,,,,,,,,,,,,,,,,,,,,,,,,,,,,,,,,,,,,,,,,,,,,,,,,,,,,,,,,,,,,,,,,,,,,,,,,,,,,,,,,,,,,,,,,,,,,,,,,,,,,,,,,,,,,,,,,,,,,,,,,,,,,,,,,,,,,,,,,,,,,,,,,,,,,,,,,,,,,,,,
Date,Note,,,,,,,,,,,,,,,,,,,,,,,,,,,,,,,,,,,,,,,,,,,,,,,,,,,,,,,,,,,,,,,,,,,,,,,,,,,,,,,,,,,,,,,,,,,,,,,,,,,,,,,,,,,,,,,,,,,,,,,,,,,,,,,,,,,,,,,,,,,,,,,,,,,,,,,,,,,,,,,,,,,,,
,"On August 1, 2019, the data for 2018 for “Total impaired driving” have been corrected.",,,,,,,,,,,,,,,,,,,,,,,,,,,,,,,,,,,,,,,,,,,,,,,,,,,,,,,,,,,,,,,,,,,,,,,,,,,,,,,,,,,,,,,,,,,,,,,,,,,,,,,,,,,,,,,,,,,,,,,,,,,,,,,,,,,,,,,,,,,,,,,,,,,,,,,,,,,,,,,,,,,,,
,,,,,,,,,,,,,,,,,,,,,,,,,,,,,,,,,,,,,,,,,,,,,,,,,,,,,,,,,,,,,,,,,,,,,,,,,,,,,,,,,,,,,,,,,,,,,,,,,,,,,,,,,,,,,,,,,,,,,,,,,,,,,,,,,,,,,,,,,,,,,,,,,,,,,,,,,,,,,,,,,,,,,,
,,,,,,,,,,,,,,,,,,,,,,,,,,,,,,,,,,,,,,,,,,,,,,,,,,,,,,,,,,,,,,,,,,,,,,,,,,,,,,,,,,,,,,,,,,,,,,,,,,,,,,,,,,,,,,,,,,,,,,,,,,,,,,,,,,,,,,,,,,,,,,,,,,,,,,,,,,,,,,,,,,,,,,
,,,,,,,,,,,,,,,,,,,,,,,,,,,,,,,,,,,,,,,,,,,,,,,,,,,,,,,,,,,,,,,,,,,,,,,,,,,,,,,,,,,,,,,,,,,,,,,,,,,,,,,,,,,,,,,,,,,,,,,,,,,,,,,,,,,,,,,,,,,,,,,,,,,,,,,,,,,,,,,,,,,,,,
Footnotes:,,,,,,,,,,,,,,,,,,,,,,,,,,,,,,,,,,,,,,,,,,,,,,,,,,,,,,,,,,,,,,,,,,,,,,,,,,,,,,,,,,,,,,,,,,,,,,,,,,,,,,,,,,,,,,,,,,,,,,,,,,,,,,,,,,,,,,,,,,,,,,,,,,,,,,,,,,,,,,,,,,,,,,
1,"Incident-based Uniform Crime Reporting Survey (UCR2) data are not available for all respondents. In order to report this level of detail for police services still reporting to the Aggregate Uniform Crime Reporting Survey (UCR) over this time, a process of imputation was applied to derive counts for violations that do not exist on their own in the aggregate survey. For approximately 80% of the aggregate offence codes, there is a 1:1 mapping with a new incident-based violation code. For violations where this was not the case, such as the aggregate other Criminal Code category, it was necessary to estimate (impute) this figure using the distribution of other Criminal Code offences from existing Incident-based UCR2 respondents.",,,,,,,,,,,,,,,,,,,,,,,,,,,,,,,,,,,,,,,,,,,,,,,,,,,,,,,,,,,,,,,,,,,,,,,,,,,,,,,,,,,,,,,,,,,,,,,,,,,,,,,,,,,,,,,,,,,,,,,,,,,,,,,,,,,,,,,,,,,,,,,,,,,,,,,,,,,,,,,,,,,,,
2,"During the production of each year's crime statistics, data from the previous year are revised to reflect any updates or changes that have been received from the police services. For more information on the concepts, methods and quality of the data contained in this table, please contact the Canadian Centre for Justice and Community Safety Statistics at statcan.ccjcss-ccsjsc.statcan@statcan.gc.ca.",,,,,,,,,,,,,,,,,,,,,,,,,,,,,,,,,,,,,,,,,,,,,,,,,,,,,,,,,,,,,,,,,,,,,,,,,,,,,,,,,,,,,,,,,,,,,,,,,,,,,,,,,,,,,,,,,,,,,,,,,,,,,,,,,,,,,,,,,,,,,,,,,,,,,,,,,,,,,,,,,,,,,
3,"The violent crime category has been expanded under the Incident-based Uniform Crime Reporting Survey (UCR2) to include a number of offences not previously included in the violent crime category, including uttering threats, criminal harassment and forcible confinement. Therefore, total violent crime counts in this table will not match total violent crime counts from the Aggregate Uniform Crime Reporting Survey (UCR).",,,,,,,,,,,,,,,,,,,,,,,,,,,,,,,,,,,,,,,,,,,,,,,,,,,,,,,,,,,,,,,,,,,,,,,,,,,,,,,,,,,,,,,,,,,,,,,,,,,,,,,,,,,,,,,,,,,,,,,,,,,,,,,,,,,,,,,,,,,,,,,,,,,,,,,,,,,,,,,,,,,,,
4,"In January 2018, the Uniform Crime Reporting Survey (UCR) definitions of “founded” and “unfounded” criminal incidents were updated to reflect a more victim-centred approach for recording crimes that consider the complexities of certain offences such as sexual assault, family violence and intimate partner violence. Under the new reporting standards, specific offences may be more likely reported by police as founded rather than unfounded (or unsubstantiated), which would exclude them from police-reported crime rates and crime severity indices. Data for 2019 represent the first complete year of UCR data collected under the new reporting standards.  As a result, for selected violations and police services, the actual proportion of incidents in 2019 that were classified as “not cleared” has increased. Use caution when comparing these data with prior years.",,,,,,,,,,,,,,,,,,,,,,,,,,,,,,,,,,,,,,,,,,,,,,,,,,,,,,,,,,,,,,,,,,,,,,,,,,,,,,,,,,,,,,,,,,,,,,,,,,,,,,,,,,,,,,,,,,,,,,,,,,,,,,,,,,,,,,,,,,,,,,,,,,,,,,,,,,,,,,,,,,,,,
5,"A high crime rate or Crime Severity Index (CSI) may indicate that a municipality is a geographical area that provides commercial business, human or public services, or entertainment for many people who reside outside, as well as inside, the municipality. As a result, these municipalities may have large part-time or temporary populations which are excluded from both their population bases and their crime rate and CSI calculations.",,,,,,,,,,,,,,,,,,,,,,,,,,,,,,,,,,,,,,,,,,,,,,,,,,,,,,,,,,,,,,,,,,,,,,,,,,,,,,,,,,,,,,,,,,,,,,,,,,,,,,,,,,,,,,,,,,,,,,,,,,,,,,,,,,,,,,,,,,,,,,,,,,,,,,,,,,,,,,,,,,,,,
6,"With the release of 2012 data, revised population estimates at the respondent level were applied back to and including 2004.",,,,,,,,,,,,,,,,,,,,,,,,,,,,,,,,,,,,,,,,,,,,,,,,,,,,,,,,,,,,,,,,,,,,,,,,,,,,,,,,,,,,,,,,,,,,,,,,,,,,,,,,,,,,,,,,,,,,,,,,,,,,,,,,,,,,,,,,,,,,,,,,,,,,,,,,,,,,,,,,,,,,,
7,"Starting in 2003, populations for all police services including all rural/provincial detachments have been presented. Prior to 2003, populations for rural detachments are not available.",,,,,,,,,,,,,,,,,,,,,,,,,,,,,,,,,,,,,,,,,,,,,,,,,,,,,,,,,,,,,,,,,,,,,,,,,,,,,,,,,,,,,,,,,,,,,,,,,,,,,,,,,,,,,,,,,,,,,,,,,,,,,,,,,,,,,,,,,,,,,,,,,,,,,,,,,,,,,,,,,,,,,
8,"The violent crime category has been expanded under the Incident-based Uniform Crime Reporting Survey (UCR2) to include a number of offences not previously included in the violent crime category, including uttering threats, criminal harassment and forcible confinement. Therefore, total violent crime counts in this table will not match total violent crime counts from the Aggregate Uniform Crime Reporting Survey (UCR).",,,,,,,,,,,,,,,,,,,,,,,,,,,,,,,,,,,,,,,,,,,,,,,,,,,,,,,,,,,,,,,,,,,,,,,,,,,,,,,,,,,,,,,,,,,,,,,,,,,,,,,,,,,,,,,,,,,,,,,,,,,,,,,,,,,,,,,,,,,,,,,,,,,,,,,,,,,,,,,,,,,,,
9,"On June 21, 2018, Part 1 of Bill C-46 “An Act to amend the Criminal Code (relating to conveyances) and to make consequential amendments to other Acts” came into effect. Part 2 of this legislation came into effect on December 18, 2018. As a result of this legislation, the Uniform Crime Reporting (UCR) Survey created 19 new violation codes and expired 15 existing traffic-specific violation codes.",,,,,,,,,,,,,,,,,,,,,,,,,,,,,,,,,,,,,,,,,,,,,,,,,,,,,,,,,,,,,,,,,,,,,,,,,,,,,,,,,,,,,,,,,,,,,,,,,,,,,,,,,,,,,,,,,,,,,,,,,,,,,,,,,,,,,,,,,,,,,,,,,,,,,,,,,,,,,,,,,,,,,
10,"In 2012, Charlottetown altered the classification of calls from the public regarding impaired driving which accounts for the decrease at the municipal and provincial levels that year.",,,,,,,,,,,,,,,,,,,,,,,,,,,,,,,,,,,,,,,,,,,,,,,,,,,,,,,,,,,,,,,,,,,,,,,,,,,,,,,,,,,,,,,,,,,,,,,,,,,,,,,,,,,,,,,,,,,,,,,,,,,,,,,,,,,,,,,,,,,,,,,,,,,,,,,,,,,,,,,,,,,,,
11,"In 2018, Bill C-46 amended the Criminal Code and other Acts and introduced new legislation for impaired driving violations. At this time, the Uniform Crime Reporting (UCR) Survey was adjusted to add or expire some violation codes and ensure the previous UCR impaired driving codes align with the new legislation. These UCR changes may result in different reporting practices among the police services across Canada for impaired driving violations reported to the survey.",,,,,,,,,,,,,,,,,,,,,,,,,,,,,,,,,,,,,,,,,,,,,,,,,,,,,,,,,,,,,,,,,,,,,,,,,,,,,,,,,,,,,,,,,,,,,,,,,,,,,,,,,,,,,,,,,,,,,,,,,,,,,,,,,,,,,,,,,,,,,,,,,,,,,,,,,,,,,,,,,,,,,
12,"On October 17, 2018, Bill C-45 “An Act respecting cannabis and to amend the Controlled Drugs and Substances Act, the Criminal Code and other Acts” came into effect. As a result, all prior pre-legalization cannabis-related legislation under the Controlled Drugs and Substances Act (CDSA) has been expired and replaced with 22 new violation codes under the Cannabis Act.",,,,,,,,,,,,,,,,,,,,,,,,,,,,,,,,,,,,,,,,,,,,,,,,,,,,,,,,,,,,,,,,,,,,,,,,,,,,,,,,,,,,,,,,,,,,,,,,,,,,,,,,,,,,,,,,,,,,,,,,,,,,,,,,,,,,,,,,,,,,,,,,,,,,,,,,,,,,,,,,,,,,,
13,"The marked declines observed in drug possession incidents may be due to changes in police charging practices in response to: 1) the August 2020 guidelines issued by the Public Prosecution Service of Canada’s (PPSC) directing prosecutors to avoid prosecutions for simple possession offences under the Controlled Drugs and Substances Act (CDSA), and 2) the introduction of Health Canada's exemption from the CDSA for the province of British Columbia for the personal possession of small amounts of certain illegal drugs, that came into effect on January 31, 2023.",,,,,,,,,,,,,,,,,,,,,,,,,,,,,,,,,,,,,,,,,,,,,,,,,,,,,,,,,,,,,,,,,,,,,,,,,,,,,,,,,,,,,,,,,,,,,,,,,,,,,,,,,,,,,,,,,,,,,,,,,,,,,,,,,,,,,,,,,,,,,,,,,,,,,,,,,,,,,,,,,,,,,
14,"On May 18, 2017, Bill C-37 ""An Act to amend the Controlled Drugs and Substances Act and to make related amendments to other Acts"" came into effect. As a result, the offence of possessing, producing, selling or importing anything knowing it will be used to produce or traffic in crystal meth or ecstasy was expanded to include all substances listed in Schedule I, II , III, IV or V of the Controlled Drugs and Substances Act.",,,,,,,,,,,,,,,,,,,,,,,,,,,,,,,,,,,,,,,,,,,,,,,,,,,,,,,,,,,,,,,,,,,,,,,,,,,,,,,,,,,,,,,,,,,,,,,,,,,,,,,,,,,,,,,,,,,,,,,,,,,,,,,,,,,,,,,,,,,,,,,,,,,,,,,,,,,,,,,,,,,,,
15,"As a result of the coming into force of the Cannabis Act on October 17, 2018, all prior cannabis-related legislation under the Controlled Drugs and Substances Act (CDSA) has been replaced with the Cannabis Act. Since this time, a select few historical incidents were reported under prior CDSA cannabis legislation as police services continue to implement the new Cannabis Act offence categories in their Records Management Systems. As well, statistics reflect incidents that are reported or charged in a given year and this can include incidents that occurred prior to the year in question (i.e., pre-legalization) but were reported or charged in the given year. Therefore, the sum of all Cannabis Act offences may not equal total cannabis offences in all years.",,,,,,,,,,,,,,,,,,,,,,,,,,,,,,,,,,,,,,,,,,,,,,,,,,,,,,,,,,,,,,,,,,,,,,,,,,,,,,,,,,,,,,,,,,,,,,,,,,,,,,,,,,,,,,,,,,,,,,,,,,,,,,,,,,,,,,,,,,,,,,,,,,,,,,,,,,,,,,,,,,,,,
16,"In 2011, the Controlled Drugs and Substances Act was amended to make it illegal for anyone to possess, produce, sell or import anything knowing it will be used to produce or traffic in crystal meth or ecstasy. The Uniform Crime Reporting Survey (UCR) introduced a new violation code to collect this information.",,,,,,,,,,,,,,,,,,,,,,,,,,,,,,,,,,,,,,,,,,,,,,,,,,,,,,,,,,,,,,,,,,,,,,,,,,,,,,,,,,,,,,,,,,,,,,,,,,,,,,,,,,,,,,,,,,,,,,,,,,,,,,,,,,,,,,,,,,,,,,,,,,,,,,,,,,,,,,,,,,,,,
17,Detailed information of this category is available upon request.,,,,,,,,,,,,,,,,,,,,,,,,,,,,,,,,,,,,,,,,,,,,,,,,,,,,,,,,,,,,,,,,,,,,,,,,,,,,,,,,,,,,,,,,,,,,,,,,,,,,,,,,,,,,,,,,,,,,,,,,,,,,,,,,,,,,,,,,,,,,,,,,,,,,,,,,,,,,,,,,,,,,,
18,"In 2014, the RCMP revised the reporting structure for rural detachments in Newfoundland, creating a large number of respondent openings and respondent boundary changes as of January 1 2014. Therefore, caution should be used when comparing current data to 2013 or earlier years for rural Newfoundland RCMP detachments.",,,,,,,,,,,,,,,,,,,,,,,,,,,,,,,,,,,,,,,,,,,,,,,,,,,,,,,,,,,,,,,,,,,,,,,,,,,,,,,,,,,,,,,,,,,,,,,,,,,,,,,,,,,,,,,,,,,,,,,,,,,,,,,,,,,,,,,,,,,,,,,,,,,,,,,,,,,,,,,,,,,,,
19,"Part of the 2007 increase in crime in St. John's, Newfoundland and Labrador and Saint John, New Brunswick can be attributed to changes in police reporting practices rather than actual increases in criminal activity.",,,,,,,,,,,,,,,,,,,,,,,,,,,,,,,,,,,,,,,,,,,,,,,,,,,,,,,,,,,,,,,,,,,,,,,,,,,,,,,,,,,,,,,,,,,,,,,,,,,,,,,,,,,,,,,,,,,,,,,,,,,,,,,,,,,,,,,,,,,,,,,,,,,,,,,,,,,,,,,,,,,,,
20,"The marked increases observed in 2021 and 2022 for shoplifting under $5,000 violations for Halifax Metropolitan Area is due in part to a change in classification for some incidents involving retail theft. These incidents were previously reported as theft $5,000 or under (2140). Starting in mid-2021 they began reporting these as shoplifting under $5,000 (2143).",,,,,,,,,,,,,,,,,,,,,,,,,,,,,,,,,,,,,,,,,,,,,,,,,,,,,,,,,,,,,,,,,,,,,,,,,,,,,,,,,,,,,,,,,,,,,,,,,,,,,,,,,,,,,,,,,,,,,,,,,,,,,,,,,,,,,,,,,,,,,,,,,,,,,,,,,,,,,,,,,,,,,
21,"The increase observed for possession of or accessing child pornography (3455) violations in Halifax Metropolitan Area, Nova Scotia is in part due to an increase in the number of cases forwarded to Halifax Regional Police by Nova Scotia's Royal Canadian Mounted Police (RCMP) Internet Child Exploitation (ICE) unit whose mandate is specific to Internet Child Exploitation investigations for all of Nova Scotia.",,,,,,,,,,,,,,,,,,,,,,,,,,,,,,,,,,,,,,,,,,,,,,,,,,,,,,,,,,,,,,,,,,,,,,,,,,,,,,,,,,,,,,,,,,,,,,,,,,,,,,,,,,,,,,,,,,,,,,,,,,,,,,,,,,,,,,,,,,,,,,,,,,,,,,,,,,,,,,,,,,,,,
22,"In 2020, additional information about the types of offences that come to the attention of the Canadian National Railway Police allowed for a revision of the data classification method for the detailed federal statute offence types including the Youth Criminal Justice Act, Bankruptcy Act, among others. Revisions were applied to the 2019 figures, onward.",,,,,,,,,,,,,,,,,,,,,,,,,,,,,,,,,,,,,,,,,,,,,,,,,,,,,,,,,,,,,,,,,,,,,,,,,,,,,,,,,,,,,,,,,,,,,,,,,,,,,,,,,,,,,,,,,,,,,,,,,,,,,,,,,,,,,,,,,,,,,,,,,,,,,,,,,,,,,,,,,,,,,
23,"In 2013 the Royal Canadian Mounted Police (RCMP) revised the reporting structure for rural detachments in New Brunswick, creating in a large number of respondent openings and closings mid-year. As a result, both crime and population data for these respondents are split between old and new respondent codes. Therefore, rates and Crime Severity Index (CSI) values are not presented here and should not be calculated. Further, none of the data can be compared to previous or future years.",,,,,,,,,,,,,,,,,,,,,,,,,,,,,,,,,,,,,,,,,,,,,,,,,,,,,,,,,,,,,,,,,,,,,,,,,,,,,,,,,,,,,,,,,,,,,,,,,,,,,,,,,,,,,,,,,,,,,,,,,,,,,,,,,,,,,,,,,,,,,,,,,,,,,,,,,,,,,,,,,,,,,
24,"In 2018, Saint John Municipal Police Service identified a data processing issue that affected certain violations including: sexual assault (1310, 1320, 1330), assault with a weapon or causing bodily harm (1420), failure to appear (3510), failure to comply with order (3410) and breach of probation (3520). As such, estimations were applied for 2016 and 2017. Data should therefore be used with caution.",,,,,,,,,,,,,,,,,,,,,,,,,,,,,,,,,,,,,,,,,,,,,,,,,,,,,,,,,,,,,,,,,,,,,,,,,,,,,,,,,,,,,,,,,,,,,,,,,,,,,,,,,,,,,,,,,,,,,,,,,,,,,,,,,,,,,,,,,,,,,,,,,,,,,,,,,,,,,,,,,,,,,
25,"Due to unforeseen circumstances, Saint John Police Service was unable to submit Uniform Crime Reporting (UCR) Survey data for November and December 2020 and as such estimates at the violation level were produced. Estimates were created using available data for Saint John in 2019 along with their 2020 data submissions from April to October to take into account any differences related to the COVID-19 pandemic",,,,,,,,,,,,,,,,,,,,,,,,,,,,,,,,,,,,,,,,,,,,,,,,,,,,,,,,,,,,,,,,,,,,,,,,,,,,,,,,,,,,,,,,,,,,,,,,,,,,,,,,,,,,,,,,,,,,,,,,,,,,,,,,,,,,,,,,,,,,,,,,,,,,,,,,,,,,,,,,,,,,,
26,"Some of the counts for Saint John Police Force (SJPF) are unverified, which may result in an underestimate of some types of violations. Data should be interpreted with caution.",,,,,,,,,,,,,,,,,,,,,,,,,,,,,,,,,,,,,,,,,,,,,,,,,,,,,,,,,,,,,,,,,,,,,,,,,,,,,,,,,,,,,,,,,,,,,,,,,,,,,,,,,,,,,,,,,,,,,,,,,,,,,,,,,,,,,,,,,,,,,,,,,,,,,,,,,,,,,,,,,,,,,
27,"The crime statistics reported for this police service contain a notable proportion of incidents that occur within the local correctional facility. For further details, contact the Canadian Centre for Justice and Community Safety Statistics at statcan.ccjcss-ccsjsc.statcan@statcan.gc.ca.",,,,,,,,,,,,,,,,,,,,,,,,,,,,,,,,,,,,,,,,,,,,,,,,,,,,,,,,,,,,,,,,,,,,,,,,,,,,,,,,,,,,,,,,,,,,,,,,,,,,,,,,,,,,,,,,,,,,,,,,,,,,,,,,,,,,,,,,,,,,,,,,,,,,,,,,,,,,,,,,,,,,,
,,,,,,,,,,,,,,,,,,,,,,,,,,,,,,,,,,,,,,,,,,,,,,,,,,,,,,,,,,,,,,,,,,,,,,,,,,,,,,,,,,,,,,,,,,,,,,,,,,,,,,,,,,,,,,,,,,,,,,,,,,,,,,,,,,,,,,,,,,,,,,,,,,,,,,,,,,,,,,,,,,,,,,
,,,,,,,,,,,,,,,,,,,,,,,,,,,,,,,,,,,,,,,,,,,,,,,,,,,,,,,,,,,,,,,,,,,,,,,,,,,,,,,,,,,,,,,,,,,,,,,,,,,,,,,,,,,,,,,,,,,,,,,,,,,,,,,,,,,,,,,,,,,,,,,,,,,,,,,,,,,,,,,,,,,,,,
,,,,,,,,,,,,,,,,,,,,,,,,,,,,,,,,,,,,,,,,,,,,,,,,,,,,,,,,,,,,,,,,,,,,,,,,,,,,,,,,,,,,,,,,,,,,,,,,,,,,,,,,,,,,,,,,,,,,,,,,,,,,,,,,,,,,,,,,,,,,,,,,,,,,,,,,,,,,,,,,,,,,,,
"How to cite: Statistics Canada. Table 35-10-0178-01  Incident-based crime statistics, by detailed violations, police services in the Atlantic provinces",,,,,,,,,,,,,,,,,,,,,,,,,,,,,,,,,,,,,,,,,,,,,,,,,,,,,,,,,,,,,,,,,,,,,,,,,,,,,,,,,,,,,,,,,,,,,,,,,,,,,,,,,,,,,,,,,,,,,,,,,,,,,,,,,,,,,,,,,,,,,,,,,,,,,,,,,,,,,,,,,,,,,,
https://www150.statcan.gc.ca/t1/tbl1/en/tv.action?pid=3510017801,,,,,,,,,,,,,,,,,,,,,,,,,,,,,,,,,,,,,,,,,,,,,,,,,,,,,,,,,,,,,,,,,,,,,,,,,,,,,,,,,,,,,,,,,,,,,,,,,,,,,,,,,,,,,,,,,,,,,,,,,,,,,,,,,,,,,,,,,,,,,,,,,,,,,,,,,,,,,,,,,,,,,,
