"Incident-based crime statistics, by detailed violations, police services in the Atlantic provinces c 1 2 3 4 5"
"Frequency: Annual"
"Table: 35-10-0178-01 (formerly CANSIM 252-0075)"
"Release date: 2025-07-22"
"Geography: Province or territory, Policing district/zone"
""
""

"Violations","Total, all violations  [0]",,,,,,,"Total, all Criminal Code violations (including traffic)  [25]",,,,,,,"Total, all Criminal Code violations (excluding traffic)  [50]",,,,,,,"Total violent Criminal Code violations  [100] 8",,,,,,,"Homicide  [110] 9 10",,,,,,,"Murder, first degree  [1110] 9 10",,,,,,,"Murder, second degree  [1120] 9 10",,,,,,,"Manslaughter  [1130] 9 10",,,,,,,"Infanticide  [1140] 9 10",,,,,,,"Total other violations causing death  [120]",,,,,,,"Criminal negligence causing death  [1150]",,,,,,,"Other related violations causing death  [1160]",,,,,,,"Attempted murder  [1210]",,,,,,,"Sexual offence which occurred prior to January 4, 1983  [1300] 11",,,,,,,"Sexual assault, level 3, aggravated  [1310]",,,,,,,"Sexual assault, level 2, weapon or bodily harm  [1320]",,,,,,,"Sexual assault, level 1  [1330]",,,,,,,"Total sexual violations against children  [130] 12 13 14",,,,,,,"Sexual interference  [1345] 12 13",,,,,,,"Invitation to sexual touching  [1350] 12 13",,,,,,,"Sexual exploitation  [1355] 12 13",,,,,,,"Making sexually explicit material available to children  [1367] 13 15",,,,,,,"Parent or guardian procuring sexual activity: person procured under the age of 16 years (Terminated)  [3165]",,,,,,,"Parent or guardian procuring sexual activity  [1368] 13 16",,,,,,,"Householder permitting illegal sexual activity: person under the age of 16 years (Terminated)  [3167]",,,,,,,"Householder permitting prohibited sexual activity  [1369] 13 16",,,,,,,"Luring a child via a computer  [1370] 12 13",,,,,,,"Agreement or Arrangement - sexual offence against child  [1371] 17",,,,,,,"Bestiality in presence of, or incites, a child  [1381] 18",,,,,,,"Assault, level 3, aggravated  [1410]",,,,,,,"Assault, level 2, weapon or bodily harm  [1420]",,,,,,,"Assault, level 1  [1430]",,,,,,,"Total assaults against a peace officer  [135] 19 20",,,,,,,"Total other assaults  [140]",,,,,,,"Unlawfully causing bodily harm  [1440]",,,,,,,"Criminal negligence causing bodily harm  [1470]",,,,,,,"Other assaults  [1480]",,,,,,,"Total firearms, use of, discharge, pointing  [150]",,,,,,,"Discharge firearm with intent  [1450]",,,,,,,"Using firearm in commission of offence  [1455]",,,,,,,"Pointing a firearm  [1457]",,,,,,,"Total robbery  [160] 21",,,,,,,"Robbery  [1610] 21",,,,,,,"Robbery to steal a firearm  [1611] 21",,,,,,,"Total forcible confinement or kidnapping  [510] 22",,,,,,,"Forcible confinement or kidnapping  [1510] 22",,,,,,,"Kidnapping  [1515] 22",,,,,,,"Forcible confinement  [1516] 22",,,,,,,"Total abduction  [170]",,,,,,,"Abduction under the age 14, not parent or guardian  [1530]",,,,,,,"Abduction under the age 16  [1540]",,,,,,,"Removal of children from Canada  [1545]",,,,,,,"Abduction under the age 14 contravening a custody order  [1550]",,,,,,,"Abduction under age 14, by parent or guardian  [1560]",,,,,,,"Extortion  [1620]",,,,,,,"Criminal harassment  [1625] 23",,,,,,,"Uttering threats  [1627]",,,,,,,"Indecent/Harassing communications  [1626] 24",,,,,,,"Total offences in relation to sexual services  [190] 16",,,,,,,"Obtaining sexual services for consideration  [1711] 16",,,,,,,"Obtaining sexual services for consideration from person under the age of 18 years  [1712] 16",,,,,,,"Receive material benefit from sexual services  [1721] 16",,,,,,,"Receive material benefit from sexual services provided by person under the age of 18 years  [1722] 16",,,,,,,"Procuring  [1731] 16",,,,,,,"Procuring a person under the age of 18 years  [1732] 16",,,,,,,"Advertising sexual services  [1740] 16",,,,,,,"Total other violent violations  [180] 25",,,,,,,"Conspire to commit murder  [1220]",,,,,,,"Other sexual violations  [1340]",,,,,,,"Sexual Exploitation of a person with a disability  [1356]",,,,,,,"Incest  [1360]",,,,,,,"Corrupting morals of a child  [1365]",,,,,,,"Anal intercourse  [1375]",,,,,,,"Bestiality, commit or compel person  [1380]",,,,,,,"Voyeurism  [1385]",,,,,,,"Non-consensual distribution of intimate images  [1390] 24",,,,,,,"Trap likely to or causing bodily harm  [1475]",,,,,,,"Hostage-taking  [1520]",,,,,,,"Trafficking in persons  [1525] 26",,,,,,,"Intimidation of a justice system participant or a journalist  [1621]",,,,,,,"Intimidation of a non-justice participant  [1622]",,,,,,,"Explosives causing death or bodily harm  [1628]",,,,,,,"Arson, disregard for human life  [1629]",,,,,,,"Failure to comply with mandatory safeguards in relation to medical assistance in dying  [1631] 27",,,,,,,"Forging or destroying documents related to assistance requests with criminal intent  [1632] 27",,,,,,,"Other violent violations  [1630]",,,,,,,"Total property crime violations  [200]",,,,,,,"Total breaking and entering  [210]",,,,,,,"Breaking and entering  [2120]",,,,,,,"Breaking and entering to steal a firearm  [2121]",,,,,,,"Break and enter to steal a firearm from a motor vehicle  [2125]",,,,,,,"Total possession of stolen property  [211] 28 29",,,,,,,"Total trafficking in stolen property  [212] 28 29 30",,,,,,,"Total theft of motor vehicle  [220] 29 31",,,,,,,"Total theft over $5,000 (non-motor vehicle)  [230]",,,,,,,"Theft over $5,000  [2130]",,,,,,,"Theft over $5,000 from a motor vehicle  [2132]",,,,,,,"Shoplifting over $5,000  [2133] 32",,,,,,,"Total theft under $5,000 (non-motor vehicle)  [240]",,,,,,,"Theft $5,000 or under  [2140]",,,,,,,"Theft $5,000 or under from a motor vehicle  [2142]",,,,,,,"Shoplifting $5,000 or under  [2143] 32",,,,,,,"Fraud  [2160] 33",,,,,,,"Identity theft  [2165] 33",,,,,,,"Identity fraud  [2166] 33",,,,,,,"Total mischief  [250] 34",,,,,,,"Mischief  [2170]",,,,,,,"Mischief in relation to cultural property  [2175] 34",,,,,,,"Hate-motivated mischief relating to property used by identifiable group  [2176] 35",,,,,,,"Mischief relating to war memorials  [2177] 34",,,,,,,"Arson  [2110]",,,,,,,"Altering, removing or destroying Vehicle Identification Number (VIN)  [2178] 36",,,,,,,"Total other Criminal Code violations  [300]",,,,,,,"Counterfeiting  [3420] 37",,,,,,,"Total weapons violations  [310]",,,,,,,"Offensive weapons, explosives  [3310] 38",,,,,,,"Offensive weapons, prohibited  [3320] 38",,,,,,,"Offensive weapons, restricted  [3330] 38",,,,,,,"Firearm transfers or serial numbers  [3340] 38",,,,,,,"Other offensive weapons  [3350] 38",,,,,,,"Weapons trafficking and Manufacturing  [3365]",,,,,,,"Weapons possession contrary to order  [3370]",,,,,,,"Possession of weapons  [3375]",,,,,,,"Unauthorized importing or exporting of weapons  [3380]",,,,,,,"Firearms documentation or administration  [3390]",,,,,,,"Unsafe storage of firearms  [3395]",,,,,,,"Possession of, or accessing child pornography  [3455] 13 39 40 41 42 43",,,,,,,"Making, or distribution of child pornography  [3456] 13 40 41 42",,,,,,,"Total prostitution  [320] 16",,,,,,,"Bawdy house  [3110] 16 44",,,,,,,"Living off the avails of prostitution of a person under age 18  [3115] 16",,,,,,,"Procuring  [3120] 16",,,,,,,"Obtains or communicates with a person under age 18 for purpose of sex  [3125] 16",,,,,,,"Other prostitution  [3130] 16",,,,,,,"Public communication to sell sexual services  [3140] 16",,,,,,,"Offences related to impeding traffic to buy or sell sexual services  [3141] 16",,,,,,,"Disturb the peace  [3430] 45",,,,,,,"Total administration of justice violations  [330]",,,,,,,"Fail to comply with order  [3410] 13",,,,,,,"Escape or helps to escape from lawful custody  [3440]",,,,,,,"Prisoner unlawfully at large  [3480]",,,,,,,"Fail to appear  [3510]",,,,,,,"Breach of probation  [3520] 13",,,,,,,"Other violations against the administration of law and justice (Part IV Criminal Code)  [3730] 46",,,,,,,"Total violations related to animal cruelty  [335] 47 48",,,,,,,"Total other violations  [340] 49",,,,,,,"Betting house  [3210]",,,,,,,"Gaming house  [3220]",,,,,,,"Other violations related to gaming and betting  [3230]",,,,,,,"Common Bawdy House  [3240] 16 44",,,,,,,"Indecent acts  [3450]",,,,,,,"Corrupting morals  [3460]",,,,,,,"Obstruct public or peace officer  [3470]",,,,,,,"Trespass at night  [3490]",,,,,,,"Utter threats to property or animal  [3540]",,,,,,,"Advocating genocide  [3550]",,,,,,,"Public incitement of hatred  [3560]",,,,,,,"Offences against public order (Part II Criminal Code)  [3710]",,,,,,,"Property or service for terrorist activity  [3711] 50 51",,,,,,,"Freezing of property, disclosure or audit  [3712] 50 51",,,,,,,"Participate in activity of terrorist group  [3713] 50 51",,,,,,,"Facilitate terrorist activity  [3714] 50 51",,,,,,,"Commission or instructing to carry out terrorist activity  [3715] 50 51",,,,,,,"Harbour or conceal terrorist  [3716] 50 51",,,,,,,"Hoax terrorism  [3717] 50 51",,,,,,,"Advocating/Promoting terrorism offence  [3718] 50 51",,,,,,,"Firearms and other offensive weapons (Part III Criminal Code)  [3720]",,,,,,,"Leaving Canada to participate in activity of terrorist group  [3721] 50 51 52",,,,,,,"Leaving Canada to facilitate terrorist activity  [3722] 50 51 52",,,,,,,"Leaving Canada to commit offence for terrorist group  [3723] 50 51 52",,,,,,,"Leaving Canada to commit offence that is terrorist activity  [3724] 50 51 52",,,,,,,"Concealing person who carried out terrorist activity that is a terrorism offence for which that person is liable to imprisonment for life  [3725] 50 51 52",,,,,,,"Concealing person who carried out terrorist activity that is a terrorism offence for which that person is liable to any punishment other than life  [3726] 50 51 52",,,,,,,"Concealing person who is likely to carry out terrorist activity  [3727] 50 51 52",,,,,,,"Sexual offences, public morals and disorderly conduct (Part V Criminal Code)  [3740]",,,,,,,"Invasion of privacy (Part VI Criminal Code)  [3750]",,,,,,,"Disorderly houses, gaming and betting  [3760]",,,,,,,"Offences against the person and reputation (Part VIII Criminal Code)  [3770]",,,,,,,"Other offences against the person and reputation  [3772]",,,,,,,"Offences against rights of property (Part IX Criminal Code)  [3780]",,,,,,,"Fraudulent transactions relating to contracts and trade (Part X Criminal Code)  [3790]",,,,,,,"Wilful and forbidden acts in respect of certain property (Part XI Criminal Code)  [3810] 48",,,,,,,"Wilful and forbidden acts in respect of certain material property  [3811]",,,,,,,"Offences relating to currency (Part XII Criminal Code)  [3820]",,,,,,,"Proceeds of crime (Part XII.2 Criminal Code)  [3825]",,,,,,,"Attempts, conspiracies, accessories (Part XIII Criminal Code)  [3830]",,,,,,,"Instruct offence for criminal organization  [3840]",,,,,,,"Commit offence for criminal organization  [3841]",,,,,,,"Participate in activities of criminal organization  [3842]",,,,,,,"Recruitment of members by a criminal organization  [3843] 53",,,,,,,"All other Criminal Code (includes Part XII.1 Criminal Code)  [3890]",,,,,,,"Total Criminal Code traffic violations  [900] 54",,,,,,,"Total impaired driving  [910] 54 55 56",,,,,,,"Operation - low blood drug concentration  [9205] 54",,,,,,,"Operation while impaired causing death (alcohol)  [9210] 54",,,,,,,"Operation while impaired causing death (alcohol and drugs)  [9213] 54",,,,,,,"Operation while impaired causing death (drugs)  [9215] 54",,,,,,,"Operation while impaired causing death (unspecified)  [9217] 54",,,,,,,"Operation while impaired causing bodily harm (alcohol)  [9220] 54",,,,,,,"Operation while impaired causing bodily harm (alcohol and drugs)  [9223] 54",,,,,,,"Operation while impaired causing bodily harm (drugs)  [9225] 54",,,,,,,"Operation while impaired causing bodily harm (unspecified)  [9227] 54",,,,,,,"Operation while impaired (alcohol)  [9230] 54 55",,,,,,,"Operation while impaired (alcohol and drugs)  [9233] 54",,,,,,,"Operation while impaired (drugs)  [9235] 54",,,,,,,"Operation while impaired (unspecified)  [9237] 54",,,,,,,"Impaired operation, failure to provide breath sample  [9240] 54",,,,,,,"Failure to comply or refusal (drugs)  [9245] 54",,,,,,,"Impaired operation, failure to provide blood sample  [9250] 54",,,,,,,"Failure to provide blood sample (drugs)  [9255] 54",,,,,,,"Failure or refusal to comply with demand (alcohol)  [9260] 54",,,,,,,"Failure or refusal to comply with demand (alcohol and drugs)  [9263] 54",,,,,,,"Failure or refusal to comply with demand (drugs)  [9265] 54",,,,,,,"Failure or refusal to comply with demand (unspecified)  [9267] 54",,,,,,,"Failure or refusal to comply with demand, accident resulting in bodily harm (alcohol)  [9270] 54",,,,,,,"Failure or refusal to comply with demand, accident resulting in bodily harm (alcohol and drugs)  [9273] 54",,,,,,,"Failure or refusal to comply with demand, accident resulting in bodily harm (drugs)  [9275] 54",,,,,,,"Failure or refusal to comply with demand, accident resulting in bodily harm (unspecified)  [9277] 54",,,,,,,"Failure or refusal to comply with demand, accident resulting in death (alcohol)  [9280] 54",,,,,,,"Failure or refusal to comply with demand, accident resulting in death (alcohol and drugs)  [9283] 54",,,,,,,"Failure or refusal to comply with demand, accident resulting in death (drugs)  [9285] 54",,,,,,,"Failure or refusal to comply with demand, accident resulting in death (unspecified)  [9287] 54",,,,,,,"Total other Criminal Code traffic violations  [920] 54",,,,,,,"Dangerous operation, causing death  [9110] 54",,,,,,,"Dangerous operation, causing bodily harm  [9120] 54",,,,,,,"Dangerous operation of motor vehicle, vessel or aircraft  [9130] 54",,,,,,,"Dangerous operation evading police, causing death  [9131] 54",,,,,,,"Dangerous operation evading police, causing bodily harm  [9132] 54",,,,,,,"Dangerous operation of motor vehicle evading police  [9133] 54",,,,,,,"Total fail to stop or remain  [930] 29 54",,,,,,,"Driving while prohibited  [9320] 54",,,,,,,"Other Criminal Code traffic violations  [9330] 54",,,,,,,"Causing death by criminal negligence while street racing  [9410] 54",,,,,,,"Causing bodily harm by criminal negligence while street racing  [9420] 54",,,,,,,"Dangerous operation causing death while street racing  [9430] 54",,,,,,,"Dangerous operation causing bodily harm while street racing  [9440] 54",,,,,,,"Dangerous operation of motor vehicle while street racing  [9450] 54",,,,,,,"Total Drug violations  [401]",,,,,,,"Possession, cannabis (pre-legalization)  [4140] 57",,,,,,,"Possession, cocaine  [4120] 58",,,,,,,"Total, possession, other Controlled Drugs and Substances Act drugs  [410] 58",,,,,,,"Heroin, possession  [4110] 58",,,,,,,"Other Controlled Drugs and Substances Act, possession  [4130] 58",,,,,,,"Methamphetamines (crystal meth), possession  [4150] 58",,,,,,,"Methylenedioxyamphetamine (ecstasy), possession  [4160] 58",,,,,,,"Opioid (other than heroin), possession  [4170] 58 59",,,,,,,"Total cannabis, trafficking, production or distribution (pre-legalization)  [420] 57 60 61",,,,,,,"Cannabis, trafficking (pre-legalization)  [4240] 57 60",,,,,,,"Cannabis, importation and exportation (pre-legalization)  [4340] 57 60",,,,,,,"Cannabis, production (pre-legalization)  [4440] 57",,,,,,,"Total cocaine, trafficking, production or distribution  [430]",,,,,,,"Cocaine, trafficking  [4220]",,,,,,,"Cocaine, importation and exportation  [4320] 62",,,,,,,"Cocaine, production  [4420]",,,,,,,"Total other Controlled Drugs and Substances Act drugs, trafficking, production or distribution  [440]",,,,,,,"Heroin, trafficking  [4210]",,,,,,,"Other Controlled Drugs and Substances Act, trafficking  [4230]",,,,,,,"Methamphetamines (crystal meth), trafficking  [4250]",,,,,,,"Methylenedioxyamphetamine (ecstasy), trafficking  [4260]",,,,,,,"Opioid (other than heroin), trafficking  [4270] 59",,,,,,,"Heroin, importation and exportation  [4310] 62",,,,,,,"Other Controlled Drugs and Substances Act, importation and exportation  [4330] 62",,,,,,,"Methamphetamines (crystal meth), importation and exportation  [4350] 62",,,,,,,"Methylenedioxyamphetamine (ecstasy), importation and exportation  [4360] 62",,,,,,,"Opioid (other than heroin), importation and exportation  [4370] 59 62",,,,,,,"Heroin, production  [4410]",,,,,,,"Other Controlled Drugs and Substances Act, production  [4430]",,,,,,,"Methamphetamines (crystal meth), production  [4450]",,,,,,,"Methylenedioxyamphetamine (ecstasy), production  [4460]",,,,,,,"Opioid (other than heroin), production  [4470] 59",,,,,,,"Possession, sale, etc., for use in production of or trafficking in substance  [4590] 60 63",,,,,,,"Total Cannabis Act  [450] 57 61",,,,,,,"Total possession - Cannabis Act  [451] 57 58",,,,,,,"Possession of illicit or over 30g dried cannabis (or equivalent) by adult  [4911] 57 58",,,,,,,"Possession of over 5g dried cannabis (or equivalent) by youth  [4912] 57 58",,,,,,,"Possession of budding or flowering plants, or more than four cannabis plants  [4913] 57 58",,,,,,,"Possession of cannabis by organization  [4914] 57 58",,,,,,,"Total distribution - Cannabis Act  [452] 57",,,,,,,"Distribution to an organization, illicit or over 30g dried cannabis (or equivalent) by adult  [4921] 57",,,,,,,"Distribution of cannabis to youth by adult  [4922] 57",,,,,,,"Distribution to an organization or over 5g dried cannabis (or equivalent) by youth  [4923] 57",,,,,,,"Distribution of budding or flowering plants, or more than four cannabis plants  [4924] 57",,,,,,,"Distribution of cannabis by organization  [4925] 57",,,,,,,"Possession of cannabis for purpose of distributing  [4926] 57",,,,,,,"Total sale - Cannabis Act  [453] 57",,,,,,,"Sale of cannabis to adult  [4931] 57",,,,,,,"Sale of cannabis to youth  [4932] 57",,,,,,,"Sale of cannabis to an organization  [4933] 57",,,,,,,"Possession of cannabis for purpose of selling  [4934] 57",,,,,,,"Total importation and exportation - Cannabis Act  [454] 57 62",,,,,,,"Importation and exportation of cannabis  [4941] 57 62",,,,,,,"Possession of cannabis for purpose of exportation  [4942] 57",,,,,,,"Total production - Cannabis Act  [455] 57",,,,,,,"Obtain, offer to obtain, alter or offer to alter cannabis  [4951] 57",,,,,,,"Cultivate, propagate or harvest cannabis by adult  [4952] 57",,,,,,,"Cultivate, propagate or harvest cannabis by youth or organization  [4953] 57",,,,,,,"Possess, produce, sell, distribute or import anything for use in production or distribution of illicit cannabis  [4961] 57",,,,,,,"Use of young person in the commission of a cannabis offence  [4971] 57",,,,,,,"Other Cannabis Act  [4981] 57",,,,,,,"Youth Criminal Justice Act  [6450]",,,,,,,"Total other Federal Statutes  [610]",,,,,,,"Bankruptcy Act  [6100]",,,,,,,"Income Tax Act  [6150]",,,,,,,"Canada Shipping Act  [6200]",,,,,,,"Canada Health Act  [6250]",,,,,,,"Customs Act  [6300]",,,,,,,"Competition Act  [6350]",,,,,,,"Excise Act  [6400]",,,,,,,"Total Immigration and Refugee Protection Act  [620] 29",,,,,,,"Firearms Act  [6550]",,,,,,,"National Defence Act  [6560]",,,,,,,"Quarantine Act  [6600]",,,,,,,"Other federal statutes  [6900]",,,,,,
"Statistics","Actual incidents",,,,,,,"Actual incidents",,,,,,,"Actual incidents",,,,,,,"Actual incidents",,,,,,,"Actual incidents",,,,,,,"Actual incidents",,,,,,,"Actual incidents",,,,,,,"Actual incidents",,,,,,,"Actual incidents",,,,,,,"Actual incidents",,,,,,,"Actual incidents",,,,,,,"Actual incidents",,,,,,,"Actual incidents",,,,,,,"Actual incidents",,,,,,,"Actual incidents",,,,,,,"Actual incidents",,,,,,,"Actual incidents",,,,,,,"Actual incidents",,,,,,,"Actual incidents",,,,,,,"Actual incidents",,,,,,,"Actual incidents",,,,,,,"Actual incidents",,,,,,,"Actual incidents",,,,,,,"Actual incidents",,,,,,,"Actual incidents",,,,,,,"Actual incidents",,,,,,,"Actual incidents",,,,,,,"Actual incidents",,,,,,,"Actual incidents",,,,,,,"Actual incidents",,,,,,,"Actual incidents",,,,,,,"Actual incidents",,,,,,,"Actual incidents",,,,,,,"Actual incidents",,,,,,,"Actual incidents",,,,,,,"Actual incidents",,,,,,,"Actual incidents",,,,,,,"Actual incidents",,,,,,,"Actual incidents",,,,,,,"Actual incidents",,,,,,,"Actual incidents",,,,,,,"Actual incidents",,,,,,,"Actual incidents",,,,,,,"Actual incidents",,,,,,,"Actual incidents",,,,,,,"Actual incidents",,,,,,,"Actual incidents",,,,,,,"Actual incidents",,,,,,,"Actual incidents",,,,,,,"Actual incidents",,,,,,,"Actual incidents",,,,,,,"Actual incidents",,,,,,,"Actual incidents",,,,,,,"Actual incidents",,,,,,,"Actual incidents",,,,,,,"Actual incidents",,,,,,,"Actual incidents",,,,,,,"Actual incidents",,,,,,,"Actual incidents",,,,,,,"Actual incidents",,,,,,,"Actual incidents",,,,,,,"Actual incidents",,,,,,,"Actual incidents",,,,,,,"Actual incidents",,,,,,,"Actual incidents",,,,,,,"Actual incidents",,,,,,,"Actual incidents",,,,,,,"Actual incidents",,,,,,,"Actual incidents",,,,,,,"Actual incidents",,,,,,,"Actual incidents",,,,,,,"Actual incidents",,,,,,,"Actual incidents",,,,,,,"Actual incidents",,,,,,,"Actual incidents",,,,,,,"Actual incidents",,,,,,,"Actual incidents",,,,,,,"Actual incidents",,,,,,,"Actual incidents",,,,,,,"Actual incidents",,,,,,,"Actual incidents",,,,,,,"Actual incidents",,,,,,,"Actual incidents",,,,,,,"Actual incidents",,,,,,,"Actual incidents",,,,,,,"Actual incidents",,,,,,,"Actual incidents",,,,,,,"Actual incidents",,,,,,,"Actual incidents",,,,,,,"Actual incidents",,,,,,,"Actual incidents",,,,,,,"Actual incidents",,,,,,,"Actual incidents",,,,,,,"Actual incidents",,,,,,,"Actual incidents",,,,,,,"Actual incidents",,,,,,,"Actual incidents",,,,,,,"Actual incidents",,,,,,,"Actual incidents",,,,,,,"Actual incidents",,,,,,,"Actual incidents",,,,,,,"Actual incidents",,,,,,,"Actual incidents",,,,,,,"Actual incidents",,,,,,,"Actual incidents",,,,,,,"Actual incidents",,,,,,,"Actual incidents",,,,,,,"Actual incidents",,,,,,,"Actual incidents",,,,,,,"Actual incidents",,,,,,,"Actual incidents",,,,,,,"Actual incidents",,,,,,,"Actual incidents",,,,,,,"Actual incidents",,,,,,,"Actual incidents",,,,,,,"Actual incidents",,,,,,,"Actual incidents",,,,,,,"Actual incidents",,,,,,,"Actual incidents",,,,,,,"Actual incidents",,,,,,,"Actual incidents",,,,,,,"Actual incidents",,,,,,,"Actual incidents",,,,,,,"Actual incidents",,,,,,,"Actual incidents",,,,,,,"Actual incidents",,,,,,,"Actual incidents",,,,,,,"Actual incidents",,,,,,,"Actual incidents",,,,,,,"Actual incidents",,,,,,,"Actual incidents",,,,,,,"Actual incidents",,,,,,,"Actual incidents",,,,,,,"Actual incidents",,,,,,,"Actual incidents",,,,,,,"Actual incidents",,,,,,,"Actual incidents",,,,,,,"Actual incidents",,,,,,,"Actual incidents",,,,,,,"Actual incidents",,,,,,,"Actual incidents",,,,,,,"Actual incidents",,,,,,,"Actual incidents",,,,,,,"Actual incidents",,,,,,,"Actual incidents",,,,,,,"Actual incidents",,,,,,,"Actual incidents",,,,,,,"Actual incidents",,,,,,,"Actual incidents",,,,,,,"Actual incidents",,,,,,,"Actual incidents",,,,,,,"Actual incidents",,,,,,,"Actual incidents",,,,,,,"Actual incidents",,,,,,,"Actual incidents",,,,,,,"Actual incidents",,,,,,,"Actual incidents",,,,,,,"Actual incidents",,,,,,,"Actual incidents",,,,,,,"Actual incidents",,,,,,,"Actual incidents",,,,,,,"Actual incidents",,,,,,,"Actual incidents",,,,,,,"Actual incidents",,,,,,,"Actual incidents",,,,,,,"Actual incidents",,,,,,,"Actual incidents",,,,,,,"Actual incidents",,,,,,,"Actual incidents",,,,,,,"Actual incidents",,,,,,,"Actual incidents",,,,,,,"Actual incidents",,,,,,,"Actual incidents",,,,,,,"Actual incidents",,,,,,,"Actual incidents",,,,,,,"Actual incidents",,,,,,,"Actual incidents",,,,,,,"Actual incidents",,,,,,,"Actual incidents",,,,,,,"Actual incidents",,,,,,,"Actual incidents",,,,,,,"Actual incidents",,,,,,,"Actual incidents",,,,,,,"Actual incidents",,,,,,,"Actual incidents",,,,,,,"Actual incidents",,,,,,,"Actual incidents",,,,,,,"Actual incidents",,,,,,,"Actual incidents",,,,,,,"Actual incidents",,,,,,,"Actual incidents",,,,,,,"Actual incidents",,,,,,,"Actual incidents",,,,,,,"Actual incidents",,,,,,,"Actual incidents",,,,,,,"Actual incidents",,,,,,,"Actual incidents",,,,,,,"Actual incidents",,,,,,,"Actual incidents",,,,,,,"Actual incidents",,,,,,,"Actual incidents",,,,,,,"Actual incidents",,,,,,,"Actual incidents",,,,,,,"Actual incidents",,,,,,,"Actual incidents",,,,,,,"Actual incidents",,,,,,,"Actual incidents",,,,,,,"Actual incidents",,,,,,,"Actual incidents",,,,,,,"Actual incidents",,,,,,,"Actual incidents",,,,,,,"Actual incidents",,,,,,,"Actual incidents",,,,,,,"Actual incidents",,,,,,,"Actual incidents",,,,,,,"Actual incidents",,,,,,,"Actual incidents",,,,,,,"Actual incidents",,,,,,,"Actual incidents",,,,,,,"Actual incidents",,,,,,,"Actual incidents",,,,,,,"Actual incidents",,,,,,,"Actual incidents",,,,,,,"Actual incidents",,,,,,,"Actual incidents",,,,,,,"Actual incidents",,,,,,,"Actual incidents",,,,,,,"Actual incidents",,,,,,,"Actual incidents",,,,,,,"Actual incidents",,,,,,,"Actual incidents",,,,,,,"Actual incidents",,,,,,,"Actual incidents",,,,,,,"Actual incidents",,,,,,,"Actual incidents",,,,,,,"Actual incidents",,,,,,,"Actual incidents",,,,,,,"Actual incidents",,,,,,,"Actual incidents",,,,,,,"Actual incidents",,,,,,,"Actual incidents",,,,,,,"Actual incidents",,,,,,,"Actual incidents",,,,,,,"Actual incidents",,,,,,,"Actual incidents",,,,,,,"Actual incidents",,,,,,,"Actual incidents",,,,,,,"Actual incidents",,,,,,,"Actual incidents",,,,,,,"Actual incidents",,,,,,,"Actual incidents",,,,,,,"Actual incidents",,,,,,,"Actual incidents",,,,,,,"Actual incidents",,,,,,,"Actual incidents",,,,,,,"Actual incidents",,,,,,,"Actual incidents",,,,,,,"Actual incidents",,,,,,,"Actual incidents",,,,,,,"Actual incidents",,,,,,,"Actual incidents",,,,,,,"Actual incidents",,,,,,,"Actual incidents",,,,,,,"Actual incidents",,,,,,,"Actual incidents",,,,,,,"Actual incidents",,,,,,,"Actual incidents",,,,,,,"Actual incidents",,,,,,,"Actual incidents",,,,,,,"Actual incidents",,,,,,,"Actual incidents",,,,,,,"Actual incidents",,,,,,,"Actual incidents",,,,,,,"Actual incidents",,,,,,,"Actual incidents",,,,,,,"Actual incidents",,,,,,,"Actual incidents",,,,,,,"Actual incidents",,,,,,,"Actual incidents",,,,,,,"Actual incidents",,,,,,,"Actual incidents",,,,,,,"Actual incidents",,,,,,,"Actual incidents",,,,,,,"Actual incidents",,,,,,,"Actual incidents",,,,,,,"Actual incidents",,,,,,,"Actual incidents",,,,,,,"Actual incidents",,,,,,,"Actual incidents",,,,,,,"Actual incidents",,,,,,,"Actual incidents",,,,,,,"Actual incidents",,,,,,,"Actual incidents",,,,,,,"Actual incidents",,,,,,,"Actual incidents",,,,,,,"Actual incidents",,,,,,,"Actual incidents",,,,,,,"Actual incidents",,,,,,,"Actual incidents",,,,,,,"Actual incidents",,,,,,,"Actual incidents",,,,,,,"Actual incidents",,,,,,,"Actual incidents",,,,,,,"Actual incidents",,,,,,,"Actual incidents",,,,,,,"Actual incidents",,,,,,,"Actual incidents",,,,,,,"Actual incidents",,,,,,,"Actual incidents",,,,,,,"Actual incidents",,,,,,,"Actual incidents",,,,,,,"Actual incidents",,,,,,,"Actual incidents",,,,,,
"Geography 6 7","2018","2019","2020","2021","2022","2023","2024","2018","2019","2020","2021","2022","2023","2024","2018","2019","2020","2021","2022","2023","2024","2018","2019","2020","2021","2022","2023","2024","2018","2019","2020","2021","2022","2023","2024","2018","2019","2020","2021","2022","2023","2024","2018","2019","2020","2021","2022","2023","2024","2018","2019","2020","2021","2022","2023","2024","2018","2019","2020","2021","2022","2023","2024","2018","2019","2020","2021","2022","2023","2024","2018","2019","2020","2021","2022","2023","2024","2018","2019","2020","2021","2022","2023","2024","2018","2019","2020","2021","2022","2023","2024","2018","2019","2020","2021","2022","2023","2024","2018","2019","2020","2021","2022","2023","2024","2018","2019","2020","2021","2022","2023","2024","2018","2019","2020","2021","2022","2023","2024","2018","2019","2020","2021","2022","2023","2024","2018","2019","2020","2021","2022","2023","2024","2018","2019","2020","2021","2022","2023","2024","2018","2019","2020","2021","2022","2023","2024","2018","2019","2020","2021","2022","2023","2024","2018","2019","2020","2021","2022","2023","2024","2018","2019","2020","2021","2022","2023","2024","2018","2019","2020","2021","2022","2023","2024","2018","2019","2020","2021","2022","2023","2024","2018","2019","2020","2021","2022","2023","2024","2018","2019","2020","2021","2022","2023","2024","2018","2019","2020","2021","2022","2023","2024","2018","2019","2020","2021","2022","2023","2024","2018","2019","2020","2021","2022","2023","2024","2018","2019","2020","2021","2022","2023","2024","2018","2019","2020","2021","2022","2023","2024","2018","2019","2020","2021","2022","2023","2024","2018","2019","2020","2021","2022","2023","2024","2018","2019","2020","2021","2022","2023","2024","2018","2019","2020","2021","2022","2023","2024","2018","2019","2020","2021","2022","2023","2024","2018","2019","2020","2021","2022","2023","2024","2018","2019","2020","2021","2022","2023","2024","2018","2019","2020","2021","2022","2023","2024","2018","2019","2020","2021","2022","2023","2024","2018","2019","2020","2021","2022","2023","2024","2018","2019","2020","2021","2022","2023","2024","2018","2019","2020","2021","2022","2023","2024","2018","2019","2020","2021","2022","2023","2024","2018","2019","2020","2021","2022","2023","2024","2018","2019","2020","2021","2022","2023","2024","2018","2019","2020","2021","2022","2023","2024","2018","2019","2020","2021","2022","2023","2024","2018","2019","2020","2021","2022","2023","2024","2018","2019","2020","2021","2022","2023","2024","2018","2019","2020","2021","2022","2023","2024","2018","2019","2020","2021","2022","2023","2024","2018","2019","2020","2021","2022","2023","2024","2018","2019","2020","2021","2022","2023","2024","2018","2019","2020","2021","2022","2023","2024","2018","2019","2020","2021","2022","2023","2024","2018","2019","2020","2021","2022","2023","2024","2018","2019","2020","2021","2022","2023","2024","2018","2019","2020","2021","2022","2023","2024","2018","2019","2020","2021","2022","2023","2024","2018","2019","2020","2021","2022","2023","2024","2018","2019","2020","2021","2022","2023","2024","2018","2019","2020","2021","2022","2023","2024","2018","2019","2020","2021","2022","2023","2024","2018","2019","2020","2021","2022","2023","2024","2018","2019","2020","2021","2022","2023","2024","2018","2019","2020","2021","2022","2023","2024","2018","2019","2020","2021","2022","2023","2024","2018","2019","2020","2021","2022","2023","2024","2018","2019","2020","2021","2022","2023","2024","2018","2019","2020","2021","2022","2023","2024","2018","2019","2020","2021","2022","2023","2024","2018","2019","2020","2021","2022","2023","2024","2018","2019","2020","2021","2022","2023","2024","2018","2019","2020","2021","2022","2023","2024","2018","2019","2020","2021","2022","2023","2024","2018","2019","2020","2021","2022","2023","2024","2018","2019","2020","2021","2022","2023","2024","2018","2019","2020","2021","2022","2023","2024","2018","2019","2020","2021","2022","2023","2024","2018","2019","2020","2021","2022","2023","2024","2018","2019","2020","2021","2022","2023","2024","2018","2019","2020","2021","2022","2023","2024","2018","2019","2020","2021","2022","2023","2024","2018","2019","2020","2021","2022","2023","2024","2018","2019","2020","2021","2022","2023","2024","2018","2019","2020","2021","2022","2023","2024","2018","2019","2020","2021","2022","2023","2024","2018","2019","2020","2021","2022","2023","2024","2018","2019","2020","2021","2022","2023","2024","2018","2019","2020","2021","2022","2023","2024","2018","2019","2020","2021","2022","2023","2024","2018","2019","2020","2021","2022","2023","2024","2018","2019","2020","2021","2022","2023","2024","2018","2019","2020","2021","2022","2023","2024","2018","2019","2020","2021","2022","2023","2024","2018","2019","2020","2021","2022","2023","2024","2018","2019","2020","2021","2022","2023","2024","2018","2019","2020","2021","2022","2023","2024","2018","2019","2020","2021","2022","2023","2024","2018","2019","2020","2021","2022","2023","2024","2018","2019","2020","2021","2022","2023","2024","2018","2019","2020","2021","2022","2023","2024","2018","2019","2020","2021","2022","2023","2024","2018","2019","2020","2021","2022","2023","2024","2018","2019","2020","2021","2022","2023","2024","2018","2019","2020","2021","2022","2023","2024","2018","2019","2020","2021","2022","2023","2024","2018","2019","2020","2021","2022","2023","2024","2018","2019","2020","2021","2022","2023","2024","2018","2019","2020","2021","2022","2023","2024","2018","2019","2020","2021","2022","2023","2024","2018","2019","2020","2021","2022","2023","2024","2018","2019","2020","2021","2022","2023","2024","2018","2019","2020","2021","2022","2023","2024","2018","2019","2020","2021","2022","2023","2024","2018","2019","2020","2021","2022","2023","2024","2018","2019","2020","2021","2022","2023","2024","2018","2019","2020","2021","2022","2023","2024","2018","2019","2020","2021","2022","2023","2024","2018","2019","2020","2021","2022","2023","2024","2018","2019","2020","2021","2022","2023","2024","2018","2019","2020","2021","2022","2023","2024","2018","2019","2020","2021","2022","2023","2024","2018","2019","2020","2021","2022","2023","2024","2018","2019","2020","2021","2022","2023","2024","2018","2019","2020","2021","2022","2023","2024","2018","2019","2020","2021","2022","2023","2024","2018","2019","2020","2021","2022","2023","2024","2018","2019","2020","2021","2022","2023","2024","2018","2019","2020","2021","2022","2023","2024","2018","2019","2020","2021","2022","2023","2024","2018","2019","2020","2021","2022","2023","2024","2018","2019","2020","2021","2022","2023","2024","2018","2019","2020","2021","2022","2023","2024","2018","2019","2020","2021","2022","2023","2024","2018","2019","2020","2021","2022","2023","2024","2018","2019","2020","2021","2022","2023","2024","2018","2019","2020","2021","2022","2023","2024","2018","2019","2020","2021","2022","2023","2024","2018","2019","2020","2021","2022","2023","2024","2018","2019","2020","2021","2022","2023","2024","2018","2019","2020","2021","2022","2023","2024","2018","2019","2020","2021","2022","2023","2024","2018","2019","2020","2021","2022","2023","2024","2018","2019","2020","2021","2022","2023","2024","2018","2019","2020","2021","2022","2023","2024","2018","2019","2020","2021","2022","2023","2024","2018","2019","2020","2021","2022","2023","2024","2018","2019","2020","2021","2022","2023","2024","2018","2019","2020","2021","2022","2023","2024","2018","2019","2020","2021","2022","2023","2024","2018","2019","2020","2021","2022","2023","2024","2018","2019","2020","2021","2022","2023","2024","2018","2019","2020","2021","2022","2023","2024","2018","2019","2020","2021","2022","2023","2024","2018","2019","2020","2021","2022","2023","2024","2018","2019","2020","2021","2022","2023","2024","2018","2019","2020","2021","2022","2023","2024","2018","2019","2020","2021","2022","2023","2024","2018","2019","2020","2021","2022","2023","2024","2018","2019","2020","2021","2022","2023","2024","2018","2019","2020","2021","2022","2023","2024","2018","2019","2020","2021","2022","2023","2024","2018","2019","2020","2021","2022","2023","2024","2018","2019","2020","2021","2022","2023","2024","2018","2019","2020","2021","2022","2023","2024","2018","2019","2020","2021","2022","2023","2024","2018","2019","2020","2021","2022","2023","2024","2018","2019","2020","2021","2022","2023","2024","2018","2019","2020","2021","2022","2023","2024","2018","2019","2020","2021","2022","2023","2024","2018","2019","2020","2021","2022","2023","2024","2018","2019","2020","2021","2022","2023","2024","2018","2019","2020","2021","2022","2023","2024","2018","2019","2020","2021","2022","2023","2024","2018","2019","2020","2021","2022","2023","2024","2018","2019","2020","2021","2022","2023","2024","2018","2019","2020","2021","2022","2023","2024","2018","2019","2020","2021","2022","2023","2024","2018","2019","2020","2021","2022","2023","2024","2018","2019","2020","2021","2022","2023","2024","2018","2019","2020","2021","2022","2023","2024","2018","2019","2020","2021","2022","2023","2024","2018","2019","2020","2021","2022","2023","2024","2018","2019","2020","2021","2022","2023","2024","2018","2019","2020","2021","2022","2023","2024","2018","2019","2020","2021","2022","2023","2024","2018","2019","2020","2021","2022","2023","2024","2018","2019","2020","2021","2022","2023","2024","2018","2019","2020","2021","2022","2023","2024","2018","2019","2020","2021","2022","2023","2024","2018","2019","2020","2021","2022","2023","2024","2018","2019","2020","2021","2022","2023","2024","2018","2019","2020","2021","2022","2023","2024","2018","2019","2020","2021","2022","2023","2024","2018","2019","2020","2021","2022","2023","2024","2018","2019","2020","2021","2022","2023","2024","2018","2019","2020","2021","2022","2023","2024","2018","2019","2020","2021","2022","2023","2024","2018","2019","2020","2021","2022","2023","2024","2018","2019","2020","2021","2022","2023","2024","2018","2019","2020","2021","2022","2023","2024","2018","2019","2020","2021","2022","2023","2024","2018","2019","2020","2021","2022","2023","2024","2018","2019","2020","2021","2022","2023","2024","2018","2019","2020","2021","2022","2023","2024","2018","2019","2020","2021","2022","2023","2024","2018","2019","2020","2021","2022","2023","2024","2018","2019","2020","2021","2022","2023","2024","2018","2019","2020","2021","2022","2023","2024","2018","2019","2020","2021","2022","2023","2024","2018","2019","2020","2021","2022","2023","2024","2018","2019","2020","2021","2022","2023","2024","2018","2019","2020","2021","2022","2023","2024","2018","2019","2020","2021","2022","2023","2024","2018","2019","2020","2021","2022","2023","2024","2018","2019","2020","2021","2022","2023","2024","2018","2019","2020","2021","2022","2023","2024","2018","2019","2020","2021","2022","2023","2024","2018","2019","2020","2021","2022","2023","2024","2018","2019","2020","2021","2022","2023","2024","2018","2019","2020","2021","2022","2023","2024","2018","2019","2020","2021","2022","2023","2024","2018","2019","2020","2021","2022","2023","2024","2018","2019","2020","2021","2022","2023","2024","2018","2019","2020","2021","2022","2023","2024","2018","2019","2020","2021","2022","2023","2024","2018","2019","2020","2021","2022","2023","2024","2018","2019","2020","2021","2022","2023","2024","2018","2019","2020","2021","2022","2023","2024","2018","2019","2020","2021","2022","2023","2024","2018","2019","2020","2021","2022","2023","2024","2018","2019","2020","2021","2022","2023","2024","2018","2019","2020","2021","2022","2023","2024","2018","2019","2020","2021","2022","2023","2024","2018","2019","2020","2021","2022","2023","2024","2018","2019","2020","2021","2022","2023","2024","2018","2019","2020","2021","2022","2023","2024","2018","2019","2020","2021","2022","2023","2024","2018","2019","2020","2021","2022","2023","2024","2018","2019","2020","2021","2022","2023","2024","2018","2019","2020","2021","2022","2023","2024","2018","2019","2020","2021","2022","2023","2024","2018","2019","2020","2021","2022","2023","2024","2018","2019","2020","2021","2022","2023","2024","2018","2019","2020","2021","2022","2023","2024","2018","2019","2020","2021","2022","2023","2024","2018","2019","2020","2021","2022","2023","2024","2018","2019","2020","2021","2022","2023","2024","2018","2019","2020","2021","2022","2023","2024","2018","2019","2020","2021","2022","2023","2024","2018","2019","2020","2021","2022","2023","2024","2018","2019","2020","2021","2022","2023","2024","2018","2019","2020","2021","2022","2023","2024","2018","2019","2020","2021","2022","2023","2024","2018","2019","2020","2021","2022","2023","2024","2018","2019","2020","2021","2022","2023","2024","2018","2019","2020","2021","2022","2023","2024","2018","2019","2020","2021","2022","2023","2024","2018","2019","2020","2021","2022","2023","2024","2018","2019","2020","2021","2022","2023","2024","2018","2019","2020","2021","2022","2023","2024","2018","2019","2020","2021","2022","2023","2024","2018","2019","2020","2021","2022","2023","2024","2018","2019","2020","2021","2022","2023","2024","2018","2019","2020","2021","2022","2023","2024","2018","2019","2020","2021","2022","2023","2024","2018","2019","2020","2021","2022","2023","2024","2018","2019","2020","2021","2022","2023","2024","2018","2019","2020","2021","2022","2023","2024","2018","2019","2020","2021","2022","2023","2024","2018","2019","2020","2021","2022","2023","2024","2018","2019","2020","2021","2022","2023","2024","2018","2019","2020","2021","2022","2023","2024","2018","2019","2020","2021","2022","2023","2024","2018","2019","2020","2021","2022","2023","2024","2018","2019","2020","2021","2022","2023","2024","2018","2019","2020","2021","2022","2023","2024","2018","2019","2020","2021","2022","2023","2024","2018","2019","2020","2021","2022","2023","2024","2018","2019","2020","2021","2022","2023","2024","2018","2019","2020","2021","2022","2023","2024","2018","2019","2020","2021","2022","2023","2024","2018","2019","2020","2021","2022","2023","2024","2018","2019","2020","2021","2022","2023","2024","2018","2019","2020","2021","2022","2023","2024","2018","2019","2020","2021","2022","2023","2024","2018","2019","2020","2021","2022","2023","2024","2018","2019","2020","2021","2022","2023","2024","2018","2019","2020","2021","2022","2023","2024","2018","2019","2020","2021","2022","2023","2024","2018","2019","2020","2021","2022","2023","2024","2018","2019","2020","2021","2022","2023","2024","2018","2019","2020","2021","2022","2023","2024","2018","2019","2020","2021","2022","2023","2024","2018","2019","2020","2021","2022","2023","2024","2018","2019","2020","2021","2022","2023","2024","2018","2019","2020","2021","2022","2023","2024","2018","2019","2020","2021","2022","2023","2024","2018","2019","2020","2021","2022","2023","2024","2018","2019","2020","2021","2022","2023","2024","2018","2019","2020","2021","2022","2023","2024","2018","2019","2020","2021","2022","2023","2024","2018","2019","2020","2021","2022","2023","2024","2018","2019","2020","2021","2022","2023","2024","2018","2019","2020","2021","2022","2023","2024","2018","2019","2020","2021","2022","2023","2024","2018","2019","2020","2021","2022","2023","2024","2018","2019","2020","2021","2022","2023","2024","2018","2019","2020","2021","2022","2023","2024"
,"Number",,,,,,,,,,,,,,,,,,,,,,,,,,,,,,,,,,,,,,,,,,,,,,,,,,,,,,,,,,,,,,,,,,,,,,,,,,,,,,,,,,,,,,,,,,,,,,,,,,,,,,,,,,,,,,,,,,,,,,,,,,,,,,,,,,,,,,,,,,,,,,,,,,,,,,,,,,,,,,,,,,,,,,,,,,,,,,,,,,,,,,,,,,,,,,,,,,,,,,,,,,,,,,,,,,,,,,,,,,,,,,,,,,,,,,,,,,,,,,,,,,,,,,,,,,,,,,,,,,,,,,,,,,,,,,,,,,,,,,,,,,,,,,,,,,,,,,,,,,,,,,,,,,,,,,,,,,,,,,,,,,,,,,,,,,,,,,,,,,,,,,,,,,,,,,,,,,,,,,,,,,,,,,,,,,,,,,,,,,,,,,,,,,,,,,,,,,,,,,,,,,,,,,,,,,,,,,,,,,,,,,,,,,,,,,,,,,,,,,,,,,,,,,,,,,,,,,,,,,,,,,,,,,,,,,,,,,,,,,,,,,,,,,,,,,,,,,,,,,,,,,,,,,,,,,,,,,,,,,,,,,,,,,,,,,,,,,,,,,,,,,,,,,,,,,,,,,,,,,,,,,,,,,,,,,,,,,,,,,,,,,,,,,,,,,,,,,,,,,,,,,,,,,,,,,,,,,,,,,,,,,,,,,,,,,,,,,,,,,,,,,,,,,,,,,,,,,,,,,,,,,,,,,,,,,,,,,,,,,,,,,,,,,,,,,,,,,,,,,,,,,,,,,,,,,,,,,,,,,,,,,,,,,,,,,,,,,,,,,,,,,,,,,,,,,,,,,,,,,,,,,,,,,,,,,,,,,,,,,,,,,,,,,,,,,,,,,,,,,,,,,,,,,,,,,,,,,,,,,,,,,,,,,,,,,,,,,,,,,,,,,,,,,,,,,,,,,,,,,,,,,,,,,,,,,,,,,,,,,,,,,,,,,,,,,,,,,,,,,,,,,,,,,,,,,,,,,,,,,,,,,,,,,,,,,,,,,,,,,,,,,,,,,,,,,,,,,,,,,,,,,,,,,,,,,,,,,,,,,,,,,,,,,,,,,,,,,,,,,,,,,,,,,,,,,,,,,,,,,,,,,,,,,,,,,,,,,,,,,,,,,,,,,,,,,,,,,,,,,,,,,,,,,,,,,,,,,,,,,,,,,,,,,,,,,,,,,,,,,,,,,,,,,,,,,,,,,,,,,,,,,,,,,,,,,,,,,,,,,,,,,,,,,,,,,,,,,,,,,,,,,,,,,,,,,,,,,,,,,,,,,,,,,,,,,,,,,,,,,,,,,,,,,,,,,,,,,,,,,,,,,,,,,,,,,,,,,,,,,,,,,,,,,,,,,,,,,,,,,,,,,,,,,,,,,,,,,,,,,,,,,,,,,,,,,,,,,,,,,,,,,,,,,,,,,,,,,,,,,,,,,,,,,,,,,,,,,,,,,,,,,,,,,,,,,,,,,,,,,,,,,,,,,,,,,,,,,,,,,,,,,,,,,,,,,,,,,,,,,,,,,,,,,,,,,,,,,,,,,,,,,,,,,,,,,,,,,,,,,,,,,,,,,,,,,,,,,,,,,,,,,,,,,,,,,,,,,,,,,,,,,,,,,,,,,,,,,,,,,,,,,,,,,,,,,,,,,,,,,,,,,,,,,,,,,,,,,,,,,,,,,,,,,,,,,,,,,,,,,,,,,,,,,,,,,,,,,,,,,,,,,,,,,,,,,,,,,,,,,,,,,,,,,,,,,,,,,,,,,,,,,,,,,,,,,,,,,,,,,,,,,,,,,,,,,,,,,,,,,,,,,,,,,,,,,,,,,,,,,,,,,,,,,,,,,,,,,,,,,,,,,,,,,,,,,,,,,,,,,,,,,,,,,,,,,,,,,,,,,,,,,,,,,,,,,,,,,,,,,,,,,,,,,,,,,,,,,,,,,,,,,,,,,,,,,,,,,,,,,,,,,,,,,,,,,,,,,,,,,,,,,,,,,,,,,,,,,,,,,,,,,,,,,,,,,,,,,,,,,,,,,,,,,,,,,,,,,,,,,,,,,,,,,,,,,,,,,,,,,,,,,,,,,,,,,,,,,,,,,,,,,,,,,,,,,,,,,,,,,,,,,,,,,,,,,,,,,,,,,,,,,,,,,,,,,,,,,,,,,,,,,,,,,,,,,,,,,,,,,,,,,,,,,,,,,,,,,,,,,,,,,,,,,,,,,,,,,,,,,,,,,,,,,,,,,,,,,,,,,,,,,,,,,,,,,,,,,,,,,,,,,,,,,,,,,,,,,,,,,,,,,,,,,,,,,,,,,,,,,,,,,,,,,,,,,,,,,,,,,,,,,,,,,,,,,,,,,,,,,,,,,,,,,,,,,,,,,,,,,,,,,,,,,,,,,
"Newfoundland and Labrador [10]","31,752","35,003","35,290","38,075","39,579","42,728","45,553","30,653","33,841","34,140","36,936","38,493","41,441","44,176","29,112","31,225","31,430","34,443","36,325","38,967","41,532","7,116","8,145","8,742","9,515","9,541","10,213","10,306","2","5","4","8","3","8","4","1","1","0","1","1","4","2","1","4","3","7","2","3","1","0","0","1","0","0","1","1","0","0","0","0","0","0","0","2","0","2","3","2","0","1","1","0","2","2","1","0","1","1","0","0","1","1","0","0","4","4","1","1","5","6","2","4","11","10","9","19","13","8","0","0","0","3","0","0","1","5","5","3","6","6","17","6","345","385","414","516","546","512","427","122","155","158","246","201","182","141","65","99","91","128","126","105","69","11","5","13","30","10","10","17","4","1","4","2","5","4","4","5","9","8","24","16","19","18","..t","..t","..t","..t","..t","..t","..t","0","0","0","1","0","0","0","..t","..t","..t","..t","..t","..t","..t","0","0","0","0","0","0","0","27","33","37","51","37","33","19","10","8","5","10","7","11","14","0","0","0","0","0","0","0","36","30","40","47","62","64","63","585","720","811","848","879","1,062","1,051","2,979","3,344","3,564","3,818","3,699","3,869","3,890","148","172","206","209","220","284","322","21","39","27","32","30","54","79","1","0","2","0","0","2","0","0","3","1","4","2","2","2","20","36","24","28","28","50","77","52","55","55","64","51","41","71","22","9","20","23","18","11","27","13","19","19","20","10","14","23","17","27","16","21","23","16","21","215","165","127","170","248","187","172","215","165","127","170","247","187","172","0","0","0","0","1","0","0","50","60","51","44","46","49","50","0","0","0","0","0","0","0","2","1","2","3","3","5","5","48","59","49","41","43","44","45","4","11","5","7","6","7","5","2","4","1","4","5","3","1","1","0","1","2","1","2","2","0","0","0","0","0","0","0","0","1","1","1","0","0","1","1","6","2","0","0","2","1","51","49","75","67","140","202","131","385","436","462","442","453","556","668","1,755","2,078","2,238","2,256","2,254","2,450","2,630","247","313","389","609","520","486","458","6","8","3","3","3","3","7","5","2","2","1","2","1","5","1","0","1","1","0","1","1","0","1","0","0","0","0","0","0","0","0","0","0","0","0","0","5","0","0","0","0","1","0","0","0","0","0","1","0","0","0","0","1","1","0","0","98","100","97","107","148","161","119","0","1","1","0","1","0","0","0","0","0","0","0","0","0","1","0","2","0","0","0","0","0","5","2","1","1","2","1","0","0","1","0","0","1","2","0","0","0","0","0","0","0","0","1","0","2","1","2","1","16","8","6","5","6","10","10","49","48","55","74","101","99","62","0","0","0","0","0","1","1","0","0","2","0","0","0","0","0","1","2","0","3","6","4","10","12","9","13","10","14","7","4","3","7","4","8","3","13","0","0","0","0","0","1","1","1","5","7","4","4","8","8","0","0","0","0","0","0","0","0","2","1","0","0","0","0","17","14","2","4","13","13","7","15,609","16,534","16,414","17,504","19,513","21,342","22,753","1,999","2,004","1,524","1,502","1,960","1,939","1,897","1,986","1,992","1,515","1,498","1,946","1,927","1,888","12","9","7","4","12","10","8","1","3","2","0","2","2","1","90","88","67","69","93","113","156","4","1","4","4","3","6","5","491","437","488","448","654","649","663","250","225","162","196","253","245","227","170","157","109","134","184","155","162","31","23","28","31","36","37","35","49","45","25","31","33","53","30","4,713","4,831","3,504","4,016","5,339","5,626","5,860","2,321","2,530","1,867","2,012","2,437","2,653","2,647","929","762","746","584","680","720","653","1,463","1,539","891","1,420","2,222","2,253","2,560","1,605","1,581","1,478","1,528","1,662","2,103","2,144","26","51","102","57","45","69","42","46","63","82","87","71","119","111","6,296","7,154","8,874","9,476","9,335","10,343","11,503","6,296","7,153","8,874","9,474","9,333","10,341","11,497","0","0","0","0","0","0","0","0","1","0","1","2","2","6","0","0","0","1","0","0","0","89","99","129","121","98","129","145","0","0","0","0","0","1","0","6,387","6,546","6,274","7,424","7,271","7,412","8,473","6","21","0","3","4","3","9","228","238","203","208","197","264","283","8","2","2","4","1","2","3","0","0","0","0","0","0","0","0","0","0","0","0","0","0","0","0","0","0","0","0","0","0","0","0","0","0","0","0","3","0","3","2","3","7","3","6","4","10","13","11","8","4","152","172","137","137","134","202","239","3","2","7","4","2","2","2","39","34","31","29","18","19","12","17","24","13","19","28","24","20","22","32","39","36","34","37","26","70","143","116","161","243","284","399","0","0","0","0","0","3","3","0","0","0","0","0","0","0","0","0","0","0","0","0","0","0","0","0","0","0","0","0","0","0","0","0","0","0","0","0","0","0","0","0","0","0","0","0","0","0","0","0","0","0","0","0","0","0","3","3","1,940","1,966","2,070","2,999","2,629","2,315","2,719","3,462","3,428","3,021","3,122","3,375","3,679","4,098","2,373","2,411","2,238","2,380","2,596","2,805","3,076","2","3","3","9","1","2","0","16","13","10","19","25","39","56","96","107","115","138","149","147","93","890","771","533","453","490","560","715","85","123","122","123","114","126","158","..","..","..","..","9","50","49","659","718","825","895","780","777","887","0","0","0","0","0","0","0","1","1","1","0","0","0","0","9","5","2","9","13","7","18","0","0","0","0","0","0","0","71","75","67","73","69","74","83","1","1","1","1","0","1","1","36","44","45","56","49","70","81","45","32","43","57","50","46","71","198","224","293","300","256","248","262","0","0","0","2","0","0","0","0","1","1","1","2","2","1","8","0","3","6","4","2","5","0","0","0","0","0","0","0","0","0","0","0","0","0","0","0","0","0","0","0","0","0","0","0","0","0","0","0","0","0","0","0","0","0","0","0","0","0","0","0","0","0","0","0","0","0","0","0","0","0","0","0","0","0","0","0","0","123","116","138","140","114","128","161","0","0","0","0","0","0","0","0","0","0","0","0","0","0","0","0","0","0","0","0","0","0","0","0","0","0","0","0","0","0","0","0","0","0","0","0","0","0","0","0","0","0","0","0","0","0","0","0","0","0","2","1","2","0","0","1","0","1","2","2","3","0","0","0","0","0","0","0","0","0","16","19","31","27","24","0","0","..","..","..","..","3","28","31","5","8","3","1","2","6","13","3","1","1","4","3","1","4","33","51","63","65","36","1","0","..","..","..","..","0","7","11","0","0","0","0","1","2","0","8","4","22","7","5","3","4","1","4","0","5","1","2","2","0","0","0","0","0","0","0","0","0","0","0","0","0","0","0","1","0","0","0","0","0","0","0","0","0","0","0","0","101","127","108","137","145","149","138","1,541","2,616","2,710","2,493","2,168","2,474","2,644","1,160","2,266","2,277","2,068","1,777","1,957","2,004","0","0","0","0","0","1","1","0","0","2","4","1","1","0","0","0","0","0","0","0","1","0","0","0","1","1","1","1","0","0","0","0","0","0","0","5","9","11","8","3","4","6","0","0","0","1","0","0","1","0","0","0","0","0","1","1","0","0","0","0","0","0","0","958","1,720","1,630","1,322","1,039","1,171","1,148","9","128","248","262","266","287","325","122","271","255","283","280","300","301","22","71","74","125","132","127","143","40","0","0","0","0","0","0","0","0","0","0","0","0","0","1","0","0","0","0","0","0","0","0","0","0","0","0","0","3","58","46","54","33","53","63","0","6","5","3","9","6","7","0","2","5","4","9","2","5","0","1","1","1","4","3","1","0","0","0","0","0","0","0","0","0","0","0","0","0","0","0","0","0","0","0","0","0","0","0","0","0","0","0","0","0","0","0","0","0","0","0","0","0","0","0","0","0","0","0","0","0","0","0","0","0","0","0","0","0","0","0","0","381","350","433","425","391","517","640","2","0","0","2","2","2","2","11","3","7","6","7","4","7","59","74","62","74","91","122","119","0","0","0","0","0","0","0","1","0","0","0","0","0","0","86","83","158","173","132","183","318","115","83","84","58","77","116","70","98","107","122","112","82","90","124","8","0","0","0","0","0","0","0","0","0","0","0","0","0","0","0","0","0","0","0","0","0","0","0","0","0","0","0","0","0","0","0","0","0","0","1","0","0","0","0","0","0","891","859","922","896","865","992","1,137","328","0","0","0","0","0","0","75","104","113","88","105","145","191","101","76","62","84","80","80","99","1","2","2","2","0","1","1","96","65","57","70","67","75","84","0","0","1","4","8","2","11","0","0","0","2","0","0","1","4","9","2","6","5","2","2","98","0","0","0","0","0","0","89","0","0","0","0","0","0","0","0","0","0","0","0","0","9","0","0","0","0","0","0","154","367","452","445","445","539","626","154","366","451","445","444","537","625","0","1","1","0","0","1","1","0","0","0","0","1","1","0","117","203","200","212","189","192","193","1","0","1","1","0","0","1","98","174","172","172","165","172","148","3","4","3","5","4","6","21","3","0","5","2","2","1","2","11","24","19","30","17","9","15","0","0","0","0","0","0","0","0","0","0","1","0","1","2","0","0","0","0","0","0","0","0","0","0","0","0","0","0","0","0","0","0","0","0","1","0","0","0","0","0","0","0","1","1","0","1","0","0","0","0","0","0","0","1","3","3","0","0","0","0","0","0","0","0","0","0","0","0","0","0","0","2","0","0","0","0","1","18","107","95","67","46","36","27","5","17","17","7","10","10","4","2","12","6","3","5","8","2","2","4","6","2","4","2","1","1","1","5","2","1","0","1","0","0","0","0","0","0","0","6","38","34","27","12","14","9","5","7","7","4","2","2","2","0","7","14","13","6","6","6","0","1","0","0","0","0","0","1","0","1","0","0","0","0","0","1","0","0","2","0","0","0","22","12","10","2","6","1","6","37","37","27","19","11","13","0","6","7","7","3","1","3","2","1","6","4","6","4","4","1","1","2","2","0","0","0","3","29","22","14","10","6","6","0","0","0","1","1","0","0","0","0","0","1","0","0","0","0","0","0","0","1","0","0","0","9","6","4","3","1","1","0","0","0","0","0","0","0","0","9","6","4","3","1","1","0","0","0","0","0","0","0","0","3","0","0","0","0","0","0","1","0","0","0","0","0","1","2","1","1","1","0","0","17","31","29","4","8","1","7","191","272","199","239","213","294","233","0","0","0","0","0","0","0","0","2","1","0","0","0","0","1","1","9","0","1","4","3","0","0","0","1","0","0","0","4","10","5","3","3","6","3","0","0","0","0","0","0","0","20","29","45","78","68","116","92","3","0","1","0","1","2","1","52","65","51","38","18","12","17","0","0","0","0","0","0","0","..","..","5","7","0","0","0","111","165","82","112","122","154","117"
"Prince Edward Island [11] 55","8,271","9,875","8,896","8,767","9,909","12,156","12,158","8,021","9,672","8,653","8,587","9,704","11,946","11,908","7,218","8,473","7,465","7,490","8,599","10,720","10,667","1,555","2,005","2,029","2,048","2,311","2,834","2,703","0","2","1","1","0","1","2","0","1","1","0","0","1","2","0","1","0","0","0","0","0","0","0","0","1","0","0","0","0","0","0","0","0","0","0","0","1","0","1","3","0","0","0","1","0","1","2","0","0","0","0","0","0","1","0","0","1","0","0","1","1","5","3","3","5","2","2","3","0","1","1","0","1","0","0","1","0","1","0","1","1","3","1","3","105","132","119","150","186","148","168","36","52","44","55","49","69","66","22","41","23","36","30","47","41","4","3","3","5","5","6","3","1","0","1","4","3","2","1","2","2","4","0","1","1","3","..t","..t","..t","..t","..t","..t","..t","0","0","0","0","0","0","0","..t","..t","..t","..t","..t","..t","..t","0","0","0","0","0","0","0","7","6","13","10","10","11","18","0","0","0","0","0","2","0","0","0","0","0","0","0","0","3","3","5","6","5","10","4","106","106","112","127","141","194","188","635","735","651","667","721","925","844","20","33","24","37","30","53","50","4","2","2","10","7","11","9","0","0","0","0","0","0","0","0","1","0","1","0","0","1","4","1","2","9","7","11","8","7","4","3","1","5","8","9","2","3","1","0","4","0","1","0","0","0","0","1","1","1","5","1","2","1","0","7","7","21","24","8","17","8","26","25","21","24","8","17","8","26","24","0","0","0","0","0","0","1","10","9","5","8","10","8","6","0","0","0","0","0","0","0","0","2","0","3","0","0","0","10","7","5","5","10","8","6","2","0","0","0","1","0","0","0","0","0","0","0","0","0","0","0","0","0","0","0","0","0","0","0","0","0","0","0","0","0","0","0","0","0","0","2","0","0","0","1","0","0","12","10","14","30","47","91","72","73","164","192","151","222","279","262","345","419","493","390","441","575","544","148","270","313","356","384","364","391","0","0","0","0","2","2","1","0","0","0","0","1","1","0","0","0","0","0","0","0","0","0","0","0","0","1","1","1","0","0","0","0","0","0","0","0","0","0","0","0","0","0","0","0","0","0","0","0","0","0","0","0","0","0","0","0","22","34","39","37","42","63","55","0","0","0","0","1","0","0","0","0","0","0","0","0","0","0","0","0","0","0","0","0","0","1","0","1","0","0","3","0","0","1","1","0","0","1","0","0","0","0","0","0","0","0","0","0","0","0","0","1","3","9","3","3","4","9","13","18","16","29","24","27","41","26","0","0","0","0","0","0","0","0","0","0","0","0","0","1","0","0","0","0","0","0","5","1","1","1","2","3","2","3","0","2","2","0","2","2","2","0","0","0","0","0","0","0","0","0","2","4","2","5","0","0","0","0","0","0","0","0","0","0","0","0","0","0","0","0","5","1","2","2","3","0","4,561","4,999","4,139","4,220","4,822","5,827","5,641","426","471","340","326","364","493","472","426","470","340","326","364","493","469","0","1","0","0","0","0","3","0","0","0","0","0","0","0","78","103","56","48","69","118","80","6","1","0","5","6","5","6","127","145","108","118","112","202","165","29","29","26","41","48","48","64","23","24","20","36","39","39","56","4","5","4","4","5","5","7","2","0","2","1","4","4","1","1,894","2,163","1,453","1,412","1,880","2,078","1,979","757","919","696","780","1,086","1,217","1,197","750","921","506","320","475","405","415","387","323","251","312","319","456","367","511","577","643","749","791","930","898","3","9","20","33","21","10","14","26","29","74","137","54","59","57","1,421","1,444","1,389","1,321","1,450","1,861","1,873","1,421","1,444","1,389","1,321","1,450","1,860","1,872","0","0","0","0","0","1","0","0","0","0","0","0","0","1","0","0","0","0","0","0","0","39","28","30","30","27","23","33","1","0","0","0","0","0","0","1,102","1,469","1,297","1,222","1,466","2,059","2,323","1","11","10","0","3","4","8","33","40","45","27","40","59","63","0","0","0","1","0","1","1","0","0","0","0","0","0","0","0","0","0","0","0","0","0","0","0","0","0","0","0","0","0","0","0","0","0","0","0","0","0","1","0","0","0","0","4","5","4","2","7","0","0","26","31","35","20","32","52","56","0","0","0","0","0","1","0","0","0","0","0","0","0","0","3","4","5","4","1","5","6","4","9","7","15","6","25","11","22","42","49","40","53","61","67","0","0","0","0","0","0","0","0","0","0","0","0","0","0","0","0","0","0","0","0","0","0","0","0","0","0","0","0","0","0","0","0","0","0","0","0","0","0","0","0","0","0","0","0","0","0","0","0","0","0","0","0","0","0","0","0","325","423","394","513","605","928","1,111","580","755","617","473","559","751","767","235","305","329","225","289","378","360","1","2","0","0","0","0","0","90","103","28","5","11","67","69","7","12","7","8","8","8","3","196","281","208","195","190","230","270","51","52","45","40","61","68","65","..","..","..","..","3","10","6","137","189","175","154","197","221","290","0","0","0","0","0","0","0","0","2","1","0","0","0","1","1","0","1","0","1","1","0","0","0","0","0","0","0","0","19","26","21","17","19","36","32","0","0","0","1","0","0","0","11","6","13","17","26","19","30","45","76","70","40","58","80","131","33","43","43","47","48","51","69","0","0","0","0","0","0","0","1","0","0","3","0","2","1","1","0","2","1","6","0","0","0","0","0","0","0","0","0","0","0","0","0","0","0","0","0","1","0","0","0","0","0","0","0","0","0","0","0","0","0","0","0","0","0","0","0","0","0","0","0","0","0","0","1","0","0","0","1","0","0","0","0","0","0","0","0","0","5","3","0","1","2","4","2","0","0","0","0","0","0","0","0","0","0","0","0","0","0","0","0","0","0","0","0","0","0","0","0","0","0","0","0","0","0","0","0","0","0","0","0","0","0","0","0","0","0","0","0","0","0","0","0","0","0","0","1","0","3","0","0","0","0","0","1","2","0","0","0","0","0","0","0","0","0","6","9","8","14","17","0","0","..","..","..","..","1","20","10","4","5","3","3","1","1","3","0","0","0","0","1","0","0","8","11","7","6","9","0","0","..","..","..","..","1","2","5","0","1","1","0","0","0","0","0","3","2","2","0","2","2","1","2","0","0","0","2","1","0","0","0","0","0","0","0","0","0","0","0","0","0","0","0","0","0","0","0","0","0","0","0","0","0","0","0","0","1","1","1","1","1","1","3","803","1,199","1,188","1,097","1,105","1,226","1,241","636","1,011","867","814","790","900","874","0","0","0","0","0","1","4","1","0","1","0","0","1","1","0","0","0","0","0","0","0","0","0","0","0","0","0","0","0","0","0","0","0","0","0","1","4","3","3","1","5","1","0","0","0","0","0","0","1","0","0","0","0","0","0","0","0","0","0","0","0","0","0","562","825","650","633","547","579","579","0","95","110","62","90","133","61","61","75","88","97","134","156","196","0","0","0","0","0","0","0","9","0","0","0","0","0","0","2","0","0","0","0","0","0","0","0","0","0","0","0","0","0","0","0","0","0","0","0","0","12","15","18","17","23","27","0","0","0","0","0","0","1","0","0","0","1","1","2","3","0","0","0","0","0","0","0","0","0","0","0","0","0","0","0","0","0","0","0","0","0","0","0","0","0","0","0","0","0","0","0","0","0","0","0","0","0","0","0","0","0","0","0","0","0","0","0","0","0","0","0","0","0","0","0","0","0","0","0","0","0","0","0","167","188","321","283","315","326","367","1","1","0","0","0","0","0","1","2","1","0","4","1","1","37","35","48","31","38","40","60","0","0","0","0","0","0","0","0","0","0","0","0","0","0","43","63","188","195","196","213","225","16","15","4","7","11","11","12","69","72","80","50","66","61","69","0","0","0","0","0","0","0","0","0","0","0","0","0","0","0","0","0","0","0","0","0","0","0","0","0","0","0","0","0","0","0","0","0","0","0","0","0","0","0","0","0","0","220","144","185","139","147","164","186","84","0","0","0","0","0","0","16","13","18","3","14","16","19","33","27","46","37","31","21","38","0","1","1","0","0","0","0","16","11","19","6","6","2","13","11","10","26","28","23","15","18","3","0","0","2","1","0","0","3","5","0","1","1","4","7","24","0","0","0","0","0","0","15","0","0","0","0","0","0","0","0","0","0","0","0","0","9","0","0","0","0","0","0","29","37","37","34","51","54","51","29","36","37","34","51","54","51","0","0","0","0","0","0","0","0","1","0","0","0","0","0","32","57","78","50","45","63","72","0","1","3","1","1","1","3","16","41","44","24","17","28","30","12","11","24","21","17","25","24","0","1","0","1","1","0","0","4","3","7","3","6","9","13","0","0","0","0","0","0","0","0","0","0","0","0","0","0","0","0","0","0","0","0","0","0","0","0","0","0","0","0","0","0","0","0","0","0","0","0","0","0","0","0","0","0","0","0","0","0","0","0","0","0","0","0","0","3","0","2","0","0","0","0","0","0","0","0","0","0","0","0","0","0","0","0","0","0","0","0","1","2","10","6","15","6","10","5","1","2","2","3","2","3","1","1","2","1","1","1","1","1","0","0","1","2","1","2","0","0","0","0","0","0","0","0","0","0","0","0","0","0","0","0","1","1","7","2","1","2","0","0","1","2","0","1","0","0","1","0","3","1","0","2","0","0","0","0","0","0","0","0","0","0","1","0","0","0","0","0","0","0","0","0","0","0","0","0","1","1","0","0","1","4","2","4","2","2","2","0","0","0","0","0","0","0","0","1","1","0","1","1","2","0","0","0","0","0","0","0","1","3","1","4","1","1","0","0","0","0","0","0","1","0","0","0","0","0","0","1","0","0","0","0","0","0","0","0","0","3","0","1","0","1","0","0","0","0","0","0","0","0","0","3","0","1","0","1","0","0","0","0","0","0","0","0","0","0","1","0","0","1","0","0","0","0","0","0","1","0","0","0","0","0","0","0","0","3","11","3","0","1","4","1","27","48","55","41","57","42","63","0","0","0","0","0","0","0","0","0","0","0","0","0","0","5","3","2","0","8","0","5","0","0","1","0","0","0","0","0","0","0","0","0","1","0","0","0","0","0","0","0","0","6","4","5","2","2","9","26","0","0","0","1","1","1","0","5","8","6","7","12","13","9","0","0","0","0","0","0","0","..","..","9","8","1","0","0","11","33","32","23","33","18","23"
"Nova Scotia [12]","54,492","56,956","57,484","60,082","66,025","68,328","71,388","52,161","55,541","55,981","58,686","64,758","67,019","70,019","48,808","51,159","51,733","54,734","61,169","62,997","65,882","12,233","13,789","14,848","15,041","16,344","17,146","16,555","11","6","37","23","19","14","25","3","1","27","13","15","8","12","6","5","8","10","3","5","10","2","0","2","0","1","1","3","0","0","0","0","0","0","0","3","8","2","0","2","5","3","3","8","2","0","1","5","2","0","0","0","0","1","0","1","19","42","48","48","45","33","38","19","29","19","19","31","18","14","7","4","9","4","4","8","10","7","15","13","19","14","22","16","1,034","883","849","905","933","924","875","260","313","326","381","335","321","328","182","199","215","247","246","234","210","19","19","27","20","12","23","21","7","8","9","7","10","10","6","10","20","18","24","19","21","39","..t","..t","..t","..t","..t","..t","..t","0","0","0","1","0","0","1","..t","..t","..t","..t","..t","..t","..t","0","0","0","0","0","0","0","38","59","53","78","45","30","47","4","8","4","4","2","3","4","0","0","0","0","1","0","0","80","105","70","77","103","88","108","1,072","1,158","1,425","1,556","1,716","1,803","1,727","4,602","4,974","5,130","5,009","5,502","5,771","5,623","366","396","319","406","457","435","459","15","16","23","34","32","32","36","0","1","0","0","0","0","2","6","3","3","3","7","11","11","9","12","20","31","25","21","23","46","71","82","90","80","112","116","12","22","30","41","23","33","38","12","12","17","21","20","33","28","22","37","35","28","37","46","50","314","239","266","295","444","387","375","314","239","265","295","441","387","375","0","0","1","0","3","0","0","135","111","94","98","102","120","110","0","0","0","0","0","0","0","8","3","8","6","6","10","1","127","108","86","92","96","110","109","6","9","12","6","9","9","12","2","3","2","2","2","3","4","3","0","2","0","4","0","0","0","0","0","0","0","2","0","1","4","2","2","2","2","4","0","2","6","2","1","2","4","112","93","111","142","277","400","255","421","655","745","816","919","994","990","2,416","3,052","3,567","3,331","3,648","3,842","3,739","1,083","1,326","1,371","1,484","1,355","1,410","1,402","28","27","15","12","10","12","11","18","4","9","6","4","9","6","3","5","0","0","2","1","3","0","3","2","3","0","1","0","1","1","1","0","0","0","0","3","8","0","1","3","0","1","3","5","0","1","1","1","1","0","1","3","1","0","0","0","177","257","315","286","307","386","283","3","4","2","3","0","0","2","0","0","0","0","0","0","0","0","4","0","0","2","1","1","10","5","2","3","3","9","3","1","3","1","0","4","0","1","1","0","0","0","0","0","0","2","1","1","2","2","3","1","17","23","36","21","37","69","36","54","92","92","116","120","123","138","0","1","0","0","0","0","0","1","0","0","0","2","0","1","9","41","59","52","47","57","19","48","51","50","34","46","63","49","6","10","17","9","2","10","8","0","0","1","0","0","0","0","11","5","21","25","14","20","7","0","0","0","0","0","0","0","1","0","0","0","0","0","1","13","17","33","21","24","30","11","27,486","27,661","27,254","30,830","35,115","35,871","38,023","2,707","2,636","2,383","2,552","2,993","2,707","2,476","2,693","2,619","2,362","2,534","2,972","2,692","2,471","11","11","15","17","16","13","3","3","6","6","1","5","2","2","543","254","204","258","300","378","387","13","15","9","7","12","8","13","896","931","941","1,047","1,203","1,330","1,390","303","291","280","318","450","481","480","225","215","182","238","316","403","387","69","71","86","68","92","53","49","9","5","12","12","42","25","44","11,819","11,760","10,108","12,530","15,813","16,304","18,849","7,819","8,108","6,725","7,267","7,344","7,232","8,063","3,170","2,608","2,664","2,575","2,546","2,298","2,329","830","1,044","719","2,688","5,923","6,774","8,457","4,338","3,986","4,674","4,331","4,349","4,693","4,633","41","91","338","139","206","150","123","185","201","338","587","573","375","321","6,396","7,242","7,671","8,732","8,962","9,174","9,097","6,389","7,239","7,670","8,725","8,959","9,166","9,093","1","1","0","2","1","2","2","6","2","0","5","2","6","2","0","0","1","0","0","0","0","244","254","308","329","252","270","252","1","0","0","0","2","1","2","9,089","9,709","9,631","8,863","9,710","9,980","11,304","25","19","10","12","14","8","12","394","412","433","394","556","566","594","6","5","3","5","5","3","5","0","0","0","0","0","0","0","0","0","0","0","0","0","0","0","0","0","0","0","0","0","0","0","0","0","0","0","0","2","2","3","5","9","11","10","24","38","31","36","41","21","18","309","310","341","299","452","490","512","2","0","3","2","2","0","1","9","10","2","4","6","7","6","42","47","50","43","41","34","42","55","147","346","288","365","486","573","101","130","91","141","113","150","216","3","4","8","9","2","3","3","0","0","0","0","0","0","0","0","0","0","0","0","0","0","0","0","0","0","0","0","0","0","0","0","0","0","0","0","0","0","0","0","0","0","0","0","0","1","0","0","0","0","3","4","7","9","2","3","3","1,275","1,459","1,739","1,771","2,023","1,966","2,387","6,268","6,519","5,987","5,179","5,598","5,645","6,215","3,713","4,238","4,209","3,780","4,145","4,109","4,437","89","93","41","31","37","12","12","185","112","43","67","40","96","84","695","611","517","519","566","482","498","1,402","1,267","964","584","614","721","949","184","198","213","198","196","225","235","..","..","..","..","19","70","53","968","1,019","1,017","1,069","1,020","1,086","1,251","0","0","0","0","0","0","0","0","0","0","1","0","0","0","2","2","7","2","2","3","2","0","2","0","0","0","0","0","106","113","149","145","145","140","154","0","0","0","3","4","3","2","120","117","132","147","122","120","176","232","200","176","154","150","188","196","148","237","288","290","252","263","333","0","0","0","0","0","0","0","1","3","4","4","9","28","9","10","14","16","10","15","12","11","1","1","0","1","1","0","0","0","0","0","0","0","0","0","0","0","2","0","0","0","0","0","0","0","0","0","0","0","2","1","1","0","0","0","0","0","0","0","0","0","0","0","1","2","0","4","0","1","0","0","1","0","0","0","0","0","53","85","79","101","125","134","124","0","0","0","0","0","0","0","0","0","0","0","0","0","0","0","0","0","0","0","0","0","0","0","0","0","0","0","0","0","0","0","0","0","0","0","0","0","0","0","0","0","0","0","0","0","0","0","0","0","4","5","6","3","1","3","8","2","2","2","3","1","2","4","0","0","0","0","0","0","0","27","28","33","47","49","0","0","..","..","..","..","9","63","53","12","12","6","8","11","14","54","15","10","2","8","9","2","4","60","90","65","83","68","0","0","..","..","..","..","5","13","23","1","1","0","1","0","1","0","10","12","18","16","13","6","2","5","4","8","3","6","1","6","0","0","0","0","0","0","0","0","0","0","1","0","0","0","2","0","1","1","0","0","0","0","0","0","0","0","0","0","154","77","20","33","23","89","90","3,353","4,382","4,248","3,952","3,589","4,022","4,137","2,727","3,695","3,460","3,062","2,883","3,032","2,939","0","3","0","3","1","2","1","2","3","4","2","3","1","0","0","0","0","0","0","2","0","0","0","0","1","0","0","0","0","0","0","0","0","0","0","14","11","10","23","16","17","14","0","0","0","1","1","2","1","2","1","1","2","2","2","1","0","2","2","2","1","2","1","2,461","3,055","2,670","2,229","2,154","2,189","2,182","2","164","358","305","233","234","212","178","299","247","298","254","301","258","3","75","79","96","99","121","111","56","0","0","0","0","0","0","1","0","0","0","0","0","0","1","0","0","0","0","0","0","0","0","0","0","0","0","0","7","69","73","75","102","107","102","0","5","4","4","5","7","3","0","2","2","5","2","8","3","0","4","10","16","10","36","50","0","1","0","0","0","0","0","0","0","0","0","0","0","0","0","0","0","0","0","0","0","0","0","0","0","0","0","0","0","1","0","0","0","1","0","0","0","0","0","0","0","0","0","0","0","0","0","0","0","0","0","0","0","0","0","0","626","687","788","890","706","990","1,198","0","3","8","0","1","3","2","6","2","17","19","14","17","15","218","236","300","339","281","385","385","0","0","0","0","0","0","0","1","0","0","0","0","0","0","73","138","213","285","236","321","530","119","124","64","76","57","74","94","202","184","186","171","117","190","172","0","0","0","0","0","0","0","0","0","0","0","0","0","0","0","0","0","0","0","0","0","0","0","0","0","0","0","0","0","0","0","0","0","0","0","7","0","0","0","0","0","0","2,015","1,105","1,110","981","851","998","1,024","785","0","0","0","0","0","0","221","171","184","143","113","140","146","198","169","165","180","206","254","229","0","2","1","2","2","4","6","158","120","121","148","170","203","185","21","28","32","15","27","34","28","4","5","1","1","1","1","2","15","14","10","14","6","12","8","257","0","0","0","0","0","0","161","0","0","0","0","0","0","1","0","0","0","0","0","0","95","0","0","0","0","0","0","312","279","314","330","279","343","348","309","271","308","324","272","338","342","3","7","6","5","6","4","4","0","1","0","1","1","1","2","198","280","263","195","184","174","189","4","1","7","3","0","1","4","142","225","193","150","139","123","132","22","25","22","20","24","25","30","4","1","8","1","0","3","3","16","22","23","11","12","16","10","0","0","0","0","0","0","0","3","0","1","1","3","0","0","0","0","0","0","0","2","0","0","0","1","0","0","0","0","0","0","0","1","0","0","2","0","0","0","0","0","0","0","7","4","3","6","3","2","4","0","2","3","2","3","2","3","0","0","0","0","0","0","0","0","0","2","0","0","0","1","2","1","1","0","0","2","2","42","205","183","133","69","85","110","10","44","37","28","28","27","23","5","16","12","9","15","9","9","4","12","7","9","9","12","9","1","14","18","10","4","6","4","0","2","0","0","0","0","1","10","63","49","41","14","29","43","1","10","6","4","3","5","7","0","9","5","9","4","9","8","0","1","0","0","1","2","0","1","2","1","0","1","1","0","2","1","4","2","0","3","2","6","40","33","26","5","9","26","3","31","25","32","13","16","33","1","1","3","4","1","1","3","0","8","6","5","3","5","4","0","0","0","0","0","0","0","2","22","16","23","9","10","26","0","2","1","0","1","1","2","0","2","1","0","0","1","2","0","0","0","0","1","0","0","2","27","29","20","10","4","5","1","2","1","0","0","0","0","1","25","28","20","10","4","4","0","0","0","0","0","0","1","1","5","6","4","1","1","1","0","0","1","1","0","3","0","16","33","35","7","2","4","3","107","68","40","16","24","32","42","209","242","353","399","392","279","303","0","1","0","0","0","0","0","0","0","0","1","0","0","3","6","5","9","22","5","11","9","0","0","1","18","8","2","0","0","2","1","1","1","3","4","0","0","0","0","0","0","0","19","20","22","16","21","40","51","9","12","23","3","2","14","30","16","14","51","76","110","77","87","0","0","0","0","0","0","0","..","..","37","44","3","0","0","159","188","209","218","242","129","116"
"New Brunswick [13]","46,647","52,457","53,094","56,940","57,617","60,399","57,331","44,446","50,834","51,052","55,165","56,275","59,221","56,162","41,930","47,145","46,975","51,556","52,808","55,589","52,444","10,384","12,460","12,802","13,767","14,262","15,201","15,008","13","17","14","11","15","9","18","9","9","5","6","5","4","8","3","6","8","5","8","3","7","1","2","1","0","2","2","3","0","0","0","0","0","0","0","4","3","4","2","10","7","5","4","3","4","2","9","7","5","0","0","0","0","1","0","0","9","17","9","15","16","17","11","25","15","15","21","34","17","8","2","1","3","1","4","0","3","6","7","8","13","7","14","23","550","625","599","736","823","848","747","192","229","217","277","258","232","273","125","134","130","182","153","136","132","18","18","28","23","22","21","34","1","6","7","6","6","7","8","8","32","19","12","9","24","16","..t","..t","..t","..t","..t","..t","..t","0","0","2","2","0","0","0","..t","..t","..t","..t","..t","..t","..t","0","0","0","1","0","0","0","39","39","31","49","68","42","81","0","0","0","2","0","2","2","1","0","0","0","0","0","0","70","74","72","62","75","86","100","1,000","1,106","1,189","1,318","1,574","1,662","1,692","4,328","4,997","5,017","5,089","5,256","5,414","5,292","256","302","281","315","285","420","342","18","37","22","24","28","33","41","1","1","0","0","0","0","0","4","15","8","4","7","8","15","13","21","14","20","21","25","26","85","81","99","102","129","137","121","35","41","40","37","69","63","46","15","6","5","7","10","6","16","35","34","54","58","50","68","59","204","168","146","122","194","173","194","204","168","146","121","194","173","193","0","0","0","1","0","0","1","62","51","59","65","62","75","54","0","0","0","0","0","0","0","4","4","6","9","11","13","3","58","47","53","56","51","62","51","3","13","11","7","15","15","16","2","1","4","1","2","8","6","0","1","2","1","3","1","3","0","0","0","0","0","0","0","1","5","2","3","6","5","4","0","6","3","2","4","1","3","70","73","81","73","106","240","367","556","843","864","1,029","957","1,034","1,032","2,254","2,657","2,897","3,094","3,016","3,315","3,110","513","786","979","1,193","1,195","1,236","1,305","48","104","44","19","13","10","8","43","100","33","15","8","3","5","0","1","1","2","2","3","0","3","0","3","1","1","1","0","0","2","0","0","0","0","1","1","1","2","0","0","1","2","0","0","1","0","0","1","0","1","0","4","1","2","1","0","116","254","172","179","190","207","246","0","1","2","2","0","0","1","0","0","0","0","0","0","0","0","2","0","0","1","2","2","5","5","1","7","4","2","5","2","0","1","1","1","2","0","2","0","0","0","0","0","0","1","0","1","1","1","1","0","16","120","39","21","26","36","36","56","61","61","90","92","91","113","0","0","0","1","0","0","0","0","1","0","1","0","0","0","2","12","0","3","10","12","17","4","11","10","12","16","7","9","8","14","23","17","17","9","18","0","0","1","0","0","0","0","6","12","16","10","5","14","20","0","0","0","0","0","0","0","0","1","0","0","0","0","0","14","14","17","13","17","25","19","23,854","25,647","25,605","28,828","29,586","31,262","28,275","3,521","3,699","3,163","3,613","3,421","3,706","3,402","3,470","3,661","3,144","3,594","3,402","3,685","3,389","43","30","16","10","15","19","10","8","8","3","9","4","2","3","360","452","506","590","777","959","828","13","22","11","21","11","28","23","1,338","1,473","1,510","1,691","2,082","2,300","2,021","249","313","318","437","544","526","600","207","272","280","349","444","443","539","29","35","36","75","82","61","47","13","6","2","13","18","22","14","8,261","8,508","6,739","8,205","10,266","10,749","9,155","4,350","4,788","3,961","4,748","6,022","6,184","5,272","2,538","2,120","1,667","1,963","2,472","2,633","2,102","1,373","1,600","1,111","1,494","1,772","1,932","1,781","3,601","3,242","4,036","4,342","3,442","3,522","3,801","54","88","597","406","438","329","262","140","208","296","524","395","698","531","6,034","7,261","8,059","8,641","7,877","8,070","7,255","6,034","7,258","8,057","8,639","7,873","8,060","7,244","0","1","2","1","1","1","1","0","1","0","1","2","9","10","0","1","0","0","1","0","0","281","380","364","352","329","374","393","2","1","6","6","4","1","4","7,692","9,038","8,568","8,961","8,960","9,126","9,161","57","80","42","18","33","26","34","266","313","386","291","337","416","407","3","4","2","6","3","3","1","0","0","0","0","0","0","0","0","0","0","0","0","0","0","0","0","0","0","0","0","0","0","0","0","0","0","0","0","3","5","5","4","4","11","1","12","20","37","19","14","13","12","228","248","292","215","263","346","355","1","1","1","0","0","1","3","2","2","2","9","7","3","1","17","33","47","38","46","39","34","16","40","123","146","232","225","281","128","145","215","169","132","164","190","29","32","1","1","2","0","1","0","0","0","0","1","0","0","0","0","0","0","0","0","0","0","0","0","0","0","0","0","0","0","0","0","0","0","0","0","0","0","0","0","0","0","1","0","0","0","0","0","1","28","32","1","1","1","0","0","2,076","2,743","2,710","2,784","2,489","2,310","2,463","4,187","4,660","3,821","4,322","4,241","4,522","4,499","2,398","2,647","2,310","2,237","2,177","2,320","2,397","11","7","2","9","11","5","5","72","94","51","63","65","41","48","370","452","368","1,010","984","1,119","1,040","1,229","1,326","944","857","849","882","865","107","134","146","146","155","155","144","..","..","..","..","19","24","40","933","1,025","1,270","1,230","1,475","1,439","1,246","0","0","0","0","0","0","0","0","0","2","0","0","0","0","1","16","3","3","1","0","0","4","0","0","0","0","0","0","90","125","122","165","149","131","143","4","7","5","4","2","6","4","149","157","172","177","183","171","183","198","118","157","171","291","234","200","164","239","293","265","285","303","315","1","0","0","0","0","0","0","0","1","0","2","1","3","4","8","17","16","22","13","21","21","0","0","0","0","0","0","0","0","0","0","0","0","0","0","0","0","0","0","0","0","0","0","0","0","0","0","0","0","0","0","0","0","0","0","0","0","0","0","0","0","0","0","1","1","1","2","0","0","0","0","0","1","0","0","0","0","75","93","213","53","76","64","45","0","0","0","0","0","0","0","0","0","0","0","0","0","0","0","0","0","0","0","0","0","0","0","0","0","0","0","0","0","0","0","0","0","0","0","0","0","0","0","0","0","0","0","0","0","0","0","0","0","4","1","0","3","3","55","64","0","3","6","1","0","1","4","0","0","0","0","0","0","0","86","60","71","138","155","0","0","..","..","..","..","48","249","104","15","24","17","22","26","18","11","9","9","11","8","9","16","11","44","38","40","58","21","0","0","..","..","..","..","5","12","20","0","2","0","0","3","0","1","2","0","6","9","6","5","0","18","18","12","22","20","11","12","2","0","0","0","0","1","0","0","2","0","0","0","0","0","8","5","1","1","1","1","2","0","0","0","0","0","0","0","50","89","121","104","177","136","102","2,516","3,689","4,077","3,609","3,467","3,632","3,718","1,851","2,842","2,622","2,039","1,946","2,147","2,117","0","1","0","0","0","0","0","4","4","2","2","2","3","2","0","0","0","0","1","0","1","0","1","0","0","0","0","1","0","0","0","0","0","0","0","13","11","12","17","11","6","10","0","1","1","0","2","1","0","3","0","3","2","2","3","1","0","0","0","0","0","0","0","1,581","2,332","1,979","1,521","1,427","1,577","1,511","3","100","236","168","157","175","173","151","276","280","209","205","240","252","0","6","5","12","10","5","9","90","0","0","0","0","0","0","3","0","0","0","0","0","0","1","0","0","0","0","0","0","0","0","0","0","0","0","0","2","102","92","100","120","121","139","0","3","6","4","4","4","8","0","5","5","2","5","11","8","0","0","0","1","0","0","2","0","0","0","1","0","0","0","0","0","0","0","0","0","0","0","0","0","0","0","0","0","0","0","0","0","0","0","0","0","0","1","0","0","1","0","0","0","0","0","0","0","0","0","0","0","0","0","0","0","0","0","0","0","0","0","0","665","847","1,455","1,570","1,521","1,485","1,601","3","2","2","1","4","7","7","8","17","21","11","12","12","20","200","205","313","296","248","244","254","0","0","0","0","0","0","0","0","0","0","0","0","0","0","177","290","853","990","982","997","1,096","52","99","64","70","73","57","73","214","234","202","202","202","168","151","0","0","0","0","0","0","0","0","0","0","0","0","0","0","0","0","0","0","0","0","0","0","0","0","0","0","0","0","0","0","0","0","0","0","0","11","0","0","0","0","0","0","1,645","1,202","1,541","1,259","1,053","958","966","647","0","0","0","0","0","0","102","95","113","63","55","63","79","368","319","428","325","304","326","347","6","5","6","3","5","2","5","139","85","124","98","99","99","102","190","196","263","198","177","190","209","12","12","8","8","2","5","0","21","21","27","18","21","30","31","156","0","0","0","0","0","0","88","0","0","0","0","0","0","1","0","0","0","0","0","0","67","0","0","0","0","0","0","135","204","259","229","232","190","172","133","202","258","225","231","188","170","2","2","1","3","1","0","1","0","0","0","1","0","2","1","207","414","556","498","378","322","317","2","7","7","2","4","2","2","98","239","274","224","175","157","150","85","124","228","234","164","134","126","4","9","10","5","1","0","2","8","12","19","20","27","23","29","1","0","0","0","0","0","0","1","1","2","0","3","1","2","1","2","0","0","0","1","1","0","0","0","0","0","0","0","0","0","0","0","0","0","0","0","0","0","0","0","0","0","2","11","4","2","1","1","1","4","9","11","11","2","3","3","1","0","0","0","0","0","0","0","0","1","0","1","0","1","1","1","3","2","0","1","0","29","169","182","142","84","56","51","10","40","59","46","28","22","19","8","25","22","18","12","12","7","2","7","14","13","12","8","5","0","8","23","15","4","2","7","0","0","0","0","0","0","0","3","34","38","24","14","11","11","0","5","18","5","2","1","2","1","9","5","8","5","6","3","0","0","1","1","0","0","0","0","0","0","0","1","1","0","0","0","1","1","0","0","1","2","20","13","9","6","3","5","8","36","30","22","20","14","15","1","9","7","6","3","1","5","1","5","3","3","3","3","4","0","0","0","0","0","0","0","6","22","20","13","14","10","6","0","3","2","4","3","2","1","0","3","2","3","1","1","1","0","0","0","1","2","1","0","5","45","42","41","14","6","5","0","0","1","2","0","0","0","5","45","41","38","14","6","5","0","0","0","1","0","0","0","1","7","11","3","5","1","0","0","4","0","2","0","0","0","2","0","0","0","0","0","0","223","67","38","26","16","12","25","333","354","463","490","273","208","178","2","0","1","0","1","0","0","1","2","2","1","1","0","1","4","4","9","6","8","3","6","2","1","2","41","6","0","0","10","8","10","9","31","18","13","0","1","0","0","0","0","0","44","48","47","24","27","24","23","4","4","9","7","14","11","18","15","24","44","19","43","12","5","0","0","0","0","0","0","0","..","..","18","47","5","0","0","251","262","321","336","137","140","112"

Symbol legend:
.., not available for a specific reference period


"Table Corrections:"
Date,Note
"","On August 1, 2019, the data for 2018 for “Total impaired driving” have been corrected."



Footnotes:
1,"Incident-based Uniform Crime Reporting Survey (UCR2) data are not available for all respondents. In order to report this level of detail for police services still reporting to the Aggregate Uniform Crime Reporting Survey (UCR) over this time, a process of imputation was applied to derive counts for violations that do not exist on their own in the aggregate survey. For approximately 80% of the aggregate offence codes, there is a 1:1 mapping with a new incident-based violation code. For violations where this was not the case, such as the aggregate other Criminal Code category, it was necessary to estimate (impute) this figure using the distribution of other Criminal Code offences from existing Incident-based UCR2 respondents."
2,"During the production of each year's crime statistics, data from the previous year are revised to reflect any updates or changes that have been received from the police services. For more information on the concepts, methods and quality of the data contained in this table, please contact the Canadian Centre for Justice and Community Safety Statistics at statcan.ccjcss-ccsjsc.statcan@statcan.gc.ca."
3,"The violent crime category has been expanded under the Incident-based Uniform Crime Reporting Survey (UCR2) to include a number of offences not previously included in the violent crime category, including uttering threats, criminal harassment and forcible confinement. Therefore, total violent crime counts in this table will not match total violent crime counts from the Aggregate Uniform Crime Reporting Survey (UCR)."
4,"In January 2018, the Uniform Crime Reporting Survey (UCR) definitions of “founded” and “unfounded” criminal incidents were updated to reflect a more victim-centred approach for recording crimes that consider the complexities of certain offences such as sexual assault, family violence and intimate partner violence. Under the new reporting standards, specific offences may be more likely reported by police as founded rather than unfounded (or unsubstantiated), which would exclude them from police-reported crime rates and crime severity indices. Data for 2019 represent the first complete year of UCR data collected under the new reporting standards.  As a result, for selected violations and police services, the actual proportion of incidents in 2019 that were classified as “not cleared” has increased. Use caution when comparing these data with prior years."
5,"A high crime rate or Crime Severity Index (CSI) may indicate that a municipality is a geographical area that provides commercial business, human or public services, or entertainment for many people who reside outside, as well as inside, the municipality. As a result, these municipalities may have large part-time or temporary populations which are excluded from both their population bases and their crime rate and CSI calculations."
6,"With the release of 2012 data, revised population estimates at the respondent level were applied back to and including 2004."
7,"Starting in 2003, populations for all police services including all rural/provincial detachments have been presented. Prior to 2003, populations for rural detachments are not available."
8,"The violent crime category has been expanded under the Incident-based Uniform Crime Reporting Survey (UCR2) to include a number of offences not previously included in the violent crime category, including uttering threats, criminal harassment and forcible confinement. Therefore, total violent crime counts in this table will not match total violent crime counts from the Aggregate Uniform Crime Reporting Survey (UCR)."
9,"Homicide data are extracted from the Homicide Survey database. For further information, refer to: <a href="https://www.statcan.gc.ca/imdb-bmdi/3315-eng.htm" rel="external noopener noreferrer" target="_blank"> Homicide Survey (opens new window)</a>."
10,"In general, the Uniform Crime Reporting Survey (UCR) counts any adult and youth charged for the year in which the charge was laid. The homicide totals, which come from The Homicide Survey, count any adult or youth charged with a homicide that occurred in the reference year, regardless of when the charge was laid."
11,"In 2019, the Uniform Crime Reporting Survey (UCR) added a new violation code (1300) to collect information on “sexual offences which occurred prior to January 4, 1983”. While most violations are not typically reported years after their occurrence, it is not uncommon for sexual violations to be reported by a victim long after the incident took place due to a variety of reasons. On January 4, 1983, Canadian legislation surrounding sexual offences changed considerably. In order to reflect these changes, the UCR added the new violation code to help record these historical offences separately from those reported under an existing violation code that does not reflect the state of Canadian legislation at the time of the offence. Data for 2018 was updated to include this new violation code."
12,"Sexual violations against children is a new crime category with only partial data available prior to 2008. As a result, numbers and rates should not be directly compared to data from previous years."
13,"Coming into effect on July 17th, 2015, Bill C-26 increased the maximum penalties for certain sexual offences against children, including failure to comply with orders and probation conditions relating to sexual offences against children. In the Uniform Crime Reporting Survey (UCR), the most serious violation is partially determined by the maximum penalty. As such, changes in maximum penalty may affect the most serious violation in an incident reported by police. Police services are able to utilize these amendments as their Records Management Systems are updated to allow them."
14,"Includes Criminal Code violations that specifically concern offences involving child and youth victims. These include sexual interference, invitation to sexual touching, sexual exploitation, making sexually explicit material available to children for the purpose of facilitating sexual offences against children/youth, luring a child via a computer, parent or guardian procuring sexual activity, householder permitting prohibited sexual activity, agreement or arrangement and bestiality in presence of, or incites, a child. Incidents of child pornography are not included in the category of sexual violations against children. Excludes incidents of sexual assault levels 1, 2 and 3 against children and youth which are counted within those three violation categories. Other sexual offences not involving assault or sexual violations against children are included with "other violent offences"."
15,"In August 2012, legislation came into effect making it an offence to make sexually explicit material available to a child for the purpose of facilitating sexual offences against children/youth. The Uniform Crime Reporting Survey (UCR) introduced a new violation code to collect this information."
16,"Bill C-36 came into effect in December 2014. The new legislation targets "the exploitation that is inherent in prostitution and the risks of violence posed to those who engage in it" (Criminal Code Chapter 25, preamble). New violations classified as ”Offences in Relation to Sexual Services” under "violations against the person" include: the purchasing of sexual services or communicating for that purpose, receiving a material benefit deriving from the purchase of sexual services, procuring of persons for the purpose of prostitution, and advertising sexual services offered for sale. In addition, a number of other offences related to prostitution continue to be considered non-violent offences and are classified under "Other Criminal Code offences". These include communicating to provide sexual services for consideration, and; offences related to impeding traffic to buy or sell sexual services. At the same time, the survey was amended to classify the violations codes of Parent or guardian procuring sexual activity, and Householder permitting prohibited sexual activity under "violations against the person". The following violations officially expired on December 05, 2014: bawdy house, living off the avails of prostitution of a person under 18, procuring, obtains/communicates with a person under 18 for purpose of sex, and other prostitution. Police services are able to utilize these codes as their Records Management Systems are updated to allow it. As a result, these data should be interpreted with caution."
17,"Historically, police service reported Agreement or Arrangement - Sexual Offences Against Child (1371) under the same violation code as Luring a Child via a Computer (1370). In June 2015, the Uniform Crime Reporting Survey (UCR) was modified to allow police to report these violations separately. Since police services are able to utilize these codes as their Records Management Systems are updated to allow them, 2015 data should be interpreted with caution."
18,"Historically, police services reported bestiality offences under a single violation code. In June 2015, the Uniform Crime Reporting Survey (UCR) was modified to allow police to report in Bestiality in Presence of, or Incites, a Child (1381) separately from Bestiality – Commits, Compels Another Person (1380). Since police services are able to utilize these codes as their Records Management Systems are updated to allow them, 2015 data should be interpreted with caution."
19,"Any reference to Police Officer has been changed to read Peace Officer, as per the Canadian Criminal Code. Peace officer refers to any person employed for the preservation and maintenance of the public peace or for the service or execution of civil process. Examples of a Peace Officer are a mayor, warden, police officer, or bailiff constable. Please see the Canadian Criminal Code for a complete list of designates."
20,"In 2009, legislation was introduced to create the offences of assault with a weapon or causing bodily harm to a peace officer (level 2) and aggravated assault to a peace officer (level 3). The introduction of these new codes into the Uniform Crime Reporting Survey (UCR) created a system anomaly which resulted in some non-peace officer assaults being coded as peace officer assaults in 2010. Comparisons to 2010 should be made with caution."
21,"Robbery counts have been revised for the years 1998 to 2007. This change has resulted in an increase of approximately 12% annually in the number of reported robbery incidents for this time period. Use caution when comparing these data with prior years."
22,"Historically police services have reported kidnapping and forcible confinement under a single combined violation code. In 2008 the Incident-based Uniform Crime Reporting Survey (UCR2) introduced separate codes for these violations which police services utilize as their Records Management Systems are updated to allow them. As a result, comparison with previous years should be done with caution."
23,"For the period from 1998 to 2007 Incident-based Uniform Crime Reporting Survey (UCR2) data on criminal harassment are not available for all respondents. In order to report this violation for police services still reporting to the aggregate Uniform Crime Reporting Survey (UCR) over this time, a process of imputation was applied to derive counts using the distribution of 'other' Criminal Code offences from existing Incident-based Uniform Crime Reporting Survey (UCR2) respondents."
24,"On March 9, 2015, Bill C-13 Protecting Canadians from Online Crime Act came into effect. As a result, the law created a new criminal offence of non-consensual distribution of intimate images. It also clarified that Criminal Code offences of harassing / indecent communications can be committed by any means of telecommunication. Police services are able to utilize these amendments as their Records Management Systems are updated to allow them."
25,"As of 2022, new violation codes were added to the Uniform Crime Reporting (UCR) Survey. The "Total other violent violations" category  now includes the following new violations: 1633 'Causing or Providing Conversion Therapy', 1634 'Material Benefit from Conversion Therapy', 1635 'Intimidation of a person to impede them from obtaining health services', 1636 'Intimidation of a health professional to impede their duties', 1637 'Intimidation of a person assisting  in the performance of the health services to impede in those functions', 1638 'Obstruction or interference with access to health services', 1639 'Failure to Provide Necessaries', 1640 'Impeding Attempt to Save Life' and 1641 'Trafficking in Human Organs', which are not presented in detail for confidentiality reasons."
26,"Trafficking in persons incidents reported to the Uniform Crime Reporting (UCR) Survey may be undercounted due to differences in police reporting practices for this violation."
27,"On June 17, 2016, Bill C-14 "An Act to amend the Criminal Code to make related amendments to other Acts (medical assistance in dying)" came in effect. As a result, the law created new offences around for failing to comply with the safeguards which must be respected before medical assistance in dying may be provided to a person, for forging or destroying documents related to medical assistance in dying, for failing to provide the required information for the purpose of permitting the monitoring of medical assistance in dying and for contravening the regulations made by the Minister of Health respecting that information. Three new UCR2 violation codes were introduced in response to these amendments to the Criminal Code. Police services are able to utilize the survey revision as their Records Management Systems are updated to allow them."
28,"In April 2011, legislation came into effect making it an offence to traffic in property obtained by crime, including possession with intent to traffic property obtained by crime. In addition to creating new Uniform Crime Reporting Survey (UCR) violation codes to capture these offences, the existing UCR violation code pertaining to possession of stolen property was modified. The UCR now separates possession of stolen property into possession of stolen property under $5,000 and possession of stolen property over $5,000 in order to be more in line with the Criminal Code of Canada. As a result of this change, a number of incidents of possession of stolen property under $5,000 are now being reported as secondary offences when they occur in conjunction with more serious offences, leading to a decrease in the number of possession of stolen property incidents reported in 2011."
29,"Detailed information of this category is available upon request."
30,"In April 2011, legislation came into effect making it an offence to traffic in property obtained by crime, including possession with intent to traffic property obtained by crime. The Uniform Crime Reporting Survey (UCR) introduced two new violations codes to collect this information. They are Trafficking in Stolen Goods over $5,000 (including possession with intent to traffic) and Trafficking in Stolen Goods under $5,000 (including possession with intent to traffic)."
31,"In June 2024, Bill C-69, “An Act to implement certain provisions of the budget tabled in Parliament on April 16, 2024” amended the Criminal Code to include several new offences related to motor vehicle theft. At this time, the Uniform Crime Reporting (UCR) Survey was adjusted to add four new violation codes including: '1435 -Motor vehicle theft when violence used, threatened or attempted', '2136 - Motor vehicle theft for criminal organization', ' 2137 - Possession or distribution of device linked to motor vehicle theft, and '3826 - Laundering proceeds of crime for criminal organization'. It is important to note that the new violation '1435 - Motor vehicle theft when violence used, threatened or attempted' is not included in the rollup 0220 "Total Motor Vehicle theft" given that it is a violent violation."
32,"The marked increase observed in 2022 for shoplifting may in part be due to advances in technology, including increased reporting online."
33,"In January 2010, the Uniform Crime Reporting Survey (UCR) was modified to create new violation codes for identity fraud and identity theft. Prior to 2010, those offences would have been coded as fraud."
34,"In 2014, legislation was introduced to create the offence of Mischief to war memorials (Bill C-217). The offence of mischief in relation to cultural property was also introduced as a result of this legislation. Police services are able to utilise these codes as their Records Management Systems are updated to allow them. As a result, these data may be under-counted and should therefore be interpreted with caution."
35,"On December 12, 2017, Bill C-305 “An Act to ament the Criminal Code (mischief)” came into effect. This enactment amended the offence of mischief to property primarily used for worship to include mischief in relation to property that is used by an identifiable group (2176) for educational purposes, administrative, social, cultural or sports activities or events or as residence for seniors."
36,"In 2011, the Criminal Code was amended to make it illegal for anyone to alter, destroy or remove a Vehicle Identification Number (VIN). The Uniform Crime Reporting Survey (UCR) introduced a new violation code to collect this information."
37,"Counterfeiting counts have been revised for the years 1998 to 2007. This change has resulted in a significant decrease in counterfeiting incidents over this time period. Use with caution when comparing these data with prior years."
38,"There is a break in the time series in the offensive weapons category due to different offences being assigned to the weapons offence codes in 1999. Use with caution when comparing these data with prior years."
39,"In 2002, legislative changes were made to include the use of the Internet for the purpose of committing child pornography offences. As such, the percent change in this offence is calculated from 2003 to 2009."
40,"Due to the complexity of these incidents, the data likely reflect the number of active or closed investigations for the year rather than the total number of incidents reported to police."
41,"Historically, police service reported all child pornography offences under a single combined violation code, of which the majority of the offences were possessing child pornography. In early 2016, the Uniform Crime Reporting Survey (UCR) was modified to allow police to report making and distributing child pornography from other child pornography offences (i.e., possession and accessing child pornography). Since police services are able to utilize these codes as their Records Management Systems are updated to allow them, a few were reported in 2015. As a result, these data should therefore be interpreted with caution."
42,"Data are based on police-reported incidents that are recorded in police services’ records management systems. Public safety initiatives, increased public awareness, and changes in policies and technologies available to social media companies have contributed to increases in reports of child pornography incidents to police. As public awareness continues to increase, police services are recording increases in recent and historical incidents which may also impact annual reporting of these criminal violations. Additionally, the Royal Canadian Mounted Police National Child Exploitation Crime Centre (NCECC) serves as the primary point of contact in Canada for investigations related to sexual exploitation of children on the Internet. The NCECC and specialized provincial Internet child exploitation policing units also work in partnership with local police services and jurisdictions. Within this partnership, cases may be forwarded to local police services for processing and investigation. As a result of this exchange, there may be delays in reporting current or historical incidents of child pornography. This means that the year in which incidents are reported may not correspond to the year in which they occurred. Due to the complexity of child pornography investigations, the majority of which involve a cybercrime component, the data likely reflect the number of active or closed investigations for the year rather than the total number of incidents reported to police."
43,"The increase observed for possession of or accessing child pornography (3455) violations in Halifax Metropolitan Area, Nova Scotia is in part due to an increase in the number of cases forwarded to Halifax Regional Police by Nova Scotia's Royal Canadian Mounted Police (RCMP) Internet Child Exploitation (ICE) unit whose mandate is specific to Internet Child Exploitation investigations for all of Nova Scotia."
44,"Effective December 2014, Bill C-36 amended the definition of the term "common bawdy house" in the Criminal Code to remove reference to prostitution. As a result of this amendment, the Uniform Crime Reporting Survey (UCR) violation of "Bawdy house" was terminated, and the new violation of "Common bawdy house" was introduced. Police services are able to utilise this amendment as their Records Management Systems are updated to allow it. As a result, these data should be interpreted with caution."
45,"Any increase in disturbing the peace violations may be, in part, attributable to a national data quality initiative undertaken by the Royal Canadian Mounted Police (RCMP) to properly account for the types of offences that are aggregated under this offence."
46,"On April 10 2015, Bill C-10 Tackling Contraband Tobacco Act came into effect. As a result, this law created the Criminal Code offence of trafficking in contraband tobacco which is counted under the violation "Offences against the administration of law and justice". Prior to April 2015, the offence was counted under "Excise Act". As such, comparisons of these two violations to previous years should be made with caution."
47,"As of 2022, new violation codes related to animal cruelty were added to the Uniform Crime Reporting (UCR) Survey. The category "Total violations related to Animal Cruelty" was created and includes the following UCR violations: 3812 ‘Injuring or endangering Animals’, 3813 ‘Killing or injuring Law Enforcement or Military Animals’, 3814 ‘Causing unnecessary suffering to Animals’, 3815 ‘Causing damage or injury due to a failure to exercise reasonable care - animals or birds’, and 3816 ‘Arena for animal fighting’ which are not presented in detail for confidentiality reasons."
48,"Due to an increased need for data related to animal cruelty, the Canadian Centre for Justice and Community Safety Statistics (CCJCSS) has broken out Uniform Crime Reporting (UCR) violation code 3810 (Wilful/Forbidden acts in respect of property) in order to include more detailed violations. As a result in 2022, violation code 3810 ‘Wilful and Forbidden Acts in Respect of Certain Property (Part XI CC)’ has been expired and the following six violations have been added to the survey: 3811 ‘Other Interference with Property’, 3812 ‘Injuring or endangering Animals’, 3813 ‘Killing or injuring Law Enforcement or Military Animals’, 3814 ‘Causing unnecessary suffering to Animals’, 3815 ‘Causing damage or injury due to a failure to exercise reasonable care - animals or birds’, and 3816 ‘Arena for animal fighting’."
49,"The "Total other violations" category includes the following UCR violations: 3570 'Promoting or Advertising Conversion Therapy', 3700 'Unauthorized Recording of a Movie/Purpose of Sale, Rental, Commercial Distribution', and 3771 'Failure to comply with the regulations/obligations for medical assistance in dying', which are not presented in detail for confidentiality reasons."
50,"Due to the length of time for investigations to confirm whether or not the incident is founded, annual counts of terrorism offences are subject to revisions downwards when revised data are released one year after the initial release. Therefore, changes between the current year of data and the previous year should be interpreted with caution."
51,"Data for unfounded incidents of terrorism are not available for 2017 due to data quality concerns."
52,"In April of 2013, the Government of Canada introduced a new bill entitled "An Act to amend the Criminal Code, the Canada Evidence Act and the Security of Information Act" (Bill S-7). As a result of this new legislation, the following Uniform Crime Reporting Survey (UCR) violation codes were introduced: leave Canada to participate in activity of a terrorist group, leave Canada to facilitate terrorist activity, leave Canada to commit an offence for a terrorist group, leave Canada to commit an offence that is a terrorist activity, harbour/conceal known terrorist where terrorist activity had max = life, harbour/conceal known terrorist where terrorist activity had max not = life, harbour/conceal person likely to carry out terrorist activity. Police services are able to utilise these codes as their Records Management Systems are updated to allow them. As a result, these data may be under-counted and should therefore be interpreted with caution."
53,"On June 19, 2014, the Canadian Government granted royal assent to Bill C-394 "An Act to amend the Criminal Code and the National Defence Act (criminal organization recruitment)". The Come into Force date for this Act was June 19, 2014. As a result, the following violation was introduced: recruitment of members by a criminal organization. Police services are able to utilise this code as their Records Management Systems are updated to allow it. As a result, these data should be interpreted with caution."
54,"On June 21, 2018, Part 1 of Bill C-46 “An Act to amend the Criminal Code (relating to conveyances) and to make consequential amendments to other Acts” came into effect. Part 2 of this legislation came into effect on December 18, 2018. As a result of this legislation, the Uniform Crime Reporting (UCR) Survey created 19 new violation codes and expired 15 existing traffic-specific violation codes."
55,"In 2012, Charlottetown altered the classification of calls from the public regarding impaired driving which accounts for the decrease at the municipal and provincial levels that year."
56,"In 2018, Bill C-46 amended the Criminal Code and other Acts and introduced new legislation for impaired driving violations. At this time, the Uniform Crime Reporting (UCR) Survey was adjusted to add or expire some violation codes and ensure the previous UCR impaired driving codes align with the new legislation. These UCR changes may result in different reporting practices among the police services across Canada for impaired driving violations reported to the survey."
57,"On October 17, 2018, Bill C-45 “An Act respecting cannabis and to amend the Controlled Drugs and Substances Act, the Criminal Code and other Acts” came into effect. As a result, all prior pre-legalization cannabis-related legislation under the Controlled Drugs and Substances Act (CDSA) has been expired and replaced with 22 new violation codes under the Cannabis Act."
58,"The marked declines observed in drug possession incidents may be due to changes in police charging practices in response to: 1) the August 2020 guidelines issued by the Public Prosecution Service of Canada’s (PPSC) directing prosecutors to avoid prosecutions for simple possession offences under the Controlled Drugs and Substances Act (CDSA), and 2) the introduction of Health Canada's exemption from the CDSA for the province of British Columbia for the personal possession of small amounts of certain illegal drugs, that came into effect on January 31, 2023."
59,"On November 22, 2017, new opioid (other than heroin) violation codes (4170, 4270, 4370, 4470) were added to the Uniform Crime reporting Survey. The addition of these codes is in response to the need expressed by police services to capture the prevalence of opioids using violation codes specific to this type of drug. Previously, offences related to the possession, trafficking, importation and exportation and production of opioids (other than heroin) were included under ‘other controlled drugs and substances’ (4130, 4230, 4330, 4430). Since police services are able to utilize these codes as their Records Management Systems are updated to allow them, 2017 data should be interpreted with caution."
60,"On May 18, 2017, Bill C-37 "An Act to amend the Controlled Drugs and Substances Act and to make related amendments to other Acts" came into effect. As a result, the offence of possessing, producing, selling or importing anything knowing it will be used to produce or traffic in crystal meth or ecstasy was expanded to include all substances listed in Schedule I, II , III, IV or V of the Controlled Drugs and Substances Act."
61,"As a result of the coming into force of the Cannabis Act on October 17, 2018, all prior cannabis-related legislation under the Controlled Drugs and Substances Act (CDSA) has been replaced with the Cannabis Act. Since this time, a select few historical incidents were reported under prior CDSA cannabis legislation as police services continue to implement the new Cannabis Act offence categories in their Records Management Systems. As well, statistics reflect incidents that are reported or charged in a given year and this can include incidents that occurred prior to the year in question (i.e., pre-legalization) but were reported or charged in the given year. Therefore, the sum of all Cannabis Act offences may not equal total cannabis offences in all years."
62,"Change in the rate of offences related to importation or exportation of Cannabis or other illicit drugs or controlled substances may be due in part to operational conditions and reporting of seizure cases, conducted by the Canada Border Services Agency and the Canada Post Mail Centre. These cases are forwarded for processing and investigation, and as a result of this exchange, the year in which occurrences were reported by police may not always correspond to the year in which they occurred. Therefore, year-over-year changes in these offences should be considered with caution."
63,"In 2011, the Controlled Drugs and Substances Act was amended to make it illegal for anyone to possess, produce, sell or import anything knowing it will be used to produce or traffic in crystal meth or ecstasy. The Uniform Crime Reporting Survey (UCR) introduced a new violation code to collect this information."



"How to cite: Statistics Canada. Table 35-10-0178-01  Incident-based crime statistics, by detailed violations, police services in the Atlantic provinces"
https://www150.statcan.gc.ca/t1/tbl1/en/tv.action?pid=3510017801